slot,core_id,band,n,m
1,1,36,208,14
2,2,38,160,13
3,3,38,192,14
4,4,30,185,16
5,5,34,234,13
6,6,33,245,13
7,7,33,132,15
8,8,33,251,13
9,9,35,146,12
10,10,34,143,12
11,11,33,194,14
12,12,33,161,13
13,13,34,134,13
14,14,34,215,12
15,15,33,215,13
16,16,34,249,12
17,17,32,174,15
18,18,33,154,14
19,19,35,158,12
20,20,33,134,14
21,21,33,155,13
22,22,35,178,12
23,23,34,188,14
24,24,34,149,12
25,25,32,209,14
26,26,33,145,13
27,27,31,251,15
28,28,33,165,13
29,29,35,190,12
30,30,32,249,14
31,31,34,195,12
32,32,35,250,12
33,33,35,242,12
34,34,32,135,14
35,35,35,170,12
36,36,33,143,13
37,37,33,216,16
38,38,28,215,18
39,39,34,171,12
40,40,33,151,13
41,41,33,138,14
42,42,34,170,13
43,43,35,198,12
44,44,34,235,12
45,45,34,253,12
46,46,33,142,14
47,47,34,218,13
48,48,35,234,12
49,49,36,174,11
50,50,32,170,15
51,51,35,222,12
52,52,34,166,13
53,53,32,171,14
54,54,31,141,15
55,55,34,137,12
56,56,34,150,13
57,57,33,202,14
58,58,35,164,13
59,59,28,193,18
60,60,30,195,16
61,61,35,238,12
62,62,32,217,14
63,63,32,134,15
64,64,31,197,15
65,65,36,204,12
66,66,33,139,13
67,67,36,188,12
68,68,33,237,13
69,69,35,166,12
70,70,35,210,12
71,71,35,196,13
72,72,33,191,13
73,73,31,240,19
74,74,32,229,14
75,75,32,149,14
76,76,37,224,14
77,77,39,160,12
78,78,32,222,15
79,79,37,152,12
80,80,30,211,16
81,70,34,168,15
82,81,35,131,11
83,82,35,208,15
84,83,35,252,13
85,84,34,221,12
86,85,33,227,13
87,86,29,233,17
88,87,34,201,12
89,88,33,238,14
90,15,32,172,16
91,89,35,138,12
92,90,33,185,13
93,91,35,145,11
94,92,35,150,12
95,93,35,134,12
96,94,33,204,15
97,95,30,236,18
98,96,35,228,13
99,97,32,188,16
100,98,33,217,13
101,99,38,240,12
102,100,33,149,13
103,101,33,137,13
104,102,32,207,14
105,103,34,226,13
106,104,37,208,13
107,105,34,141,12
108,106,33,140,15
109,107,35,156,13
110,108,37,164,11
111,109,35,162,12
112,110,34,173,12
113,111,32,197,14
114,112,35,177,11
115,113,35,254,12
116,114,32,243,14
117,115,34,225,12
118,116,32,177,14
119,117,35,159,11
120,118,34,206,13
121,119,31,250,16
122,120,32,139,14
123,82,36,130,11
124,121,32,230,15
125,122,34,182,13
126,123,38,152,11
127,124,31,149,15
128,125,35,188,13
129,126,35,176,15
130,127,32,208,18
131,128,33,169,13
132,129,32,246,15
133,130,30,177,16
134,131,34,204,14
135,132,34,147,12
136,133,36,232,13
137,134,34,213,12
138,135,35,169,11
139,136,32,129,14
140,137,30,139,16
141,138,36,244,12
142,139,34,155,12
143,140,30,243,16
144,141,35,139,11
145,142,38,136,11
146,143,35,147,11
147,144,33,153,13
148,145,31,175,15
149,146,37,200,12
150,147,34,202,13
151,148,33,229,13
152,149,32,178,15
153,150,35,212,13
154,151,33,193,13
155,152,31,237,15
156,153,32,190,15
157,154,32,189,14
158,155,31,207,15
159,156,30,129,16
160,157,33,129,13
161,158,32,203,14
162,159,37,176,13
163,160,30,196,18
164,161,29,161,17
165,162,37,160,14
166,163,34,133,12
167,164,34,139,12
168,165,33,147,13
169,166,33,163,13
170,167,33,181,13
171,168,33,213,13
172,169,35,136,14
173,170,33,146,14
174,171,34,179,12
175,172,39,192,13
176,173,35,182,12
177,174,35,175,11
178,175,29,182,18
179,176,37,184,12
180,177,27,137,19
181,178,34,205,12
182,179,31,194,16
183,180,33,150,14
184,181,33,218,14
185,182,34,209,12
186,183,35,214,12
187,184,37,216,12
188,185,35,142,12
189,186,35,132,13
190,187,35,140,13
191,188,34,163,12
192,189,33,231,13
193,190,36,212,12
194,191,34,230,13
195,192,33,131,13
196,193,28,141,18
197,194,28,139,18
198,195,33,141,13
199,196,32,193,14
200,197,32,141,14
201,198,33,171,13
202,199,37,148,11
203,200,36,148,12
204,201,35,226,12
205,202,33,255,13
206,203,34,162,13
207,204,35,151,11
208,205,36,154,11
209,206,28,175,18
210,207,29,241,17
211,208,34,145,12
212,209,36,172,12
213,210,26,203,20
214,211,30,198,17
215,212,30,246,17
216,213,35,141,11
217,214,34,217,12
218,215,34,246,13
219,216,35,180,13
220,217,34,157,12
221,218,30,175,16
222,219,33,203,13
223,220,35,244,13
224,221,31,165,15
225,222,31,202,16
226,223,33,247,13
227,224,35,194,12
228,225,30,171,16
229,226,33,195,13
230,227,33,209,13
231,228,35,206,12
232,229,34,159,12
233,230,34,223,12
234,231,34,211,12
235,232,32,159,14
236,233,31,191,15
237,234,33,189,13
238,235,32,219,14
239,236,29,173,17
240,237,37,168,12
241,238,34,244,14
242,239,34,251,12
243,240,32,244,16
244,241,34,174,13
245,242,34,151,12
246,243,34,153,12
247,244,34,130,13
248,245,35,172,13
249,246,36,196,12
250,247,30,219,16
251,248,39,224,12
252,249,27,174,20
253,94,34,255,12
254,250,35,218,12
255,251,31,215,15
256,252,32,151,14
257,253,30,138,17
258,254,31,235,15
259,255,30,202,17
260,256,33,242,14
261,257,34,161,12
262,258,34,154,13
263,259,34,156,14
264,260,33,135,13
265,261,32,226,15
266,262,34,167,12
267,263,32,242,15
268,264,30,205,16
269,265,38,224,13
270,266,30,131,16
271,97,33,235,13
272,7,34,165,12
273,267,34,233,12
274,268,35,154,12
275,269,41,128,12
276,44,33,188,15
277,270,34,180,14
278,271,34,193,12
279,272,31,243,15
280,273,36,248,13
281,274,34,207,12
282,275,34,142,13
283,276,30,155,16
284,277,31,198,16
285,278,36,184,13
286,279,34,199,12
287,280,38,176,12
288,281,37,248,12
289,106,34,175,12
290,282,36,156,12
291,283,31,181,15
292,284,34,190,13
293,285,36,162,11
294,286,32,211,14
295,287,34,158,13
296,288,32,213,14
297,289,33,223,13
298,37,34,135,12
299,290,30,227,16
300,291,33,233,13
301,292,37,136,12
302,293,34,254,13
303,294,33,221,13
304,295,33,234,14
305,296,34,129,12
306,297,32,199,14
307,298,35,202,12
308,299,34,187,12
309,300,32,201,14
310,301,32,179,14
311,302,39,144,11
312,303,33,201,13
313,304,34,131,12
314,126,36,220,12
315,305,32,235,14
316,306,31,195,15
317,259,35,195,11
318,307,34,191,12
319,308,33,243,13
320,309,34,238,13
321,310,33,200,16
322,311,29,251,17
323,312,36,152,13
324,160,31,245,15
325,21,32,248,17
326,313,33,183,13
327,314,34,177,12
328,315,33,228,15
329,316,39,128,14
330,317,32,157,14
331,318,31,230,16
332,319,33,177,13
333,320,33,220,15
334,321,28,143,18
335,322,36,224,15
336,323,33,205,13
337,324,24,221,22
338,316,40,160,11
339,325,36,236,12
340,326,33,211,13
341,327,36,138,11
342,328,36,180,12
343,329,35,148,13
344,330,33,198,14
345,331,38,184,11
346,310,34,250,13
347,332,33,182,14
348,333,35,174,12
349,334,32,187,14
350,335,35,129,11
351,336,31,246,16
352,337,36,134,11
353,338,30,210,17
354,339,31,189,15
355,340,31,151,15
356,14,33,172,15
357,341,34,231,12
358,342,33,222,14
359,343,33,253,13
360,344,36,132,12
361,345,26,177,20
362,346,35,184,14
363,347,36,146,11
364,348,37,172,11
365,349,35,248,14
366,350,34,241,12
367,351,33,133,13
368,352,36,216,13
369,353,36,140,12
370,354,34,212,14
371,355,32,194,15
372,251,30,172,18
373,356,34,239,12
374,357,32,145,14
375,358,35,230,12
376,359,37,144,13
377,360,34,183,12
378,361,31,174,16
379,328,35,144,15
380,178,33,164,15
381,362,34,146,13
382,363,30,170,17
383,364,33,241,13
384,365,35,168,14
385,366,31,173,15
386,367,30,141,16
387,368,34,185,12
388,369,30,255,16
389,370,33,178,14
390,371,28,249,18
391,372,34,172,14
392,373,32,239,14
393,374,29,145,17
394,375,34,178,13
395,376,35,236,13
396,377,35,130,12
397,378,31,221,15
398,379,32,169,14
399,380,32,166,15
400,381,34,219,12
401,382,34,148,14
402,383,34,227,12
403,384,34,186,13
404,385,36,240,14
405,386,33,244,15
406,387,36,252,12
407,388,36,200,13
408,389,31,239,15
409,390,35,157,11
410,391,34,169,12
411,392,32,140,16
412,393,35,220,13
413,394,27,138,20
414,395,29,135,17
415,396,29,172,19
416,397,34,164,14
417,398,35,133,11
418,399,30,183,16
419,400,36,136,13
420,401,32,231,14
421,402,35,246,12
422,403,34,229,12
423,404,32,181,14
424,405,32,182,15
425,406,34,237,12
426,407,32,238,15
427,408,33,196,15
428,409,32,254,15
429,410,32,255,14
430,411,26,167,20
431,35,34,136,15
432,412,31,217,15
433,413,34,189,12
434,414,34,236,14
435,415,33,157,13
436,416,32,241,14
437,417,34,138,13
438,418,33,186,14
439,419,35,204,13
440,420,35,161,11
441,421,33,173,13
442,392,33,175,13
443,422,29,191,17
444,423,30,159,16
445,424,33,174,14
446,425,31,182,16
447,426,38,232,11
448,427,34,196,14
449,428,31,249,15
450,429,34,222,13
451,430,27,145,19
452,431,30,181,16
453,432,31,143,15
454,433,32,153,14
455,434,30,225,16
456,115,33,180,15
457,435,33,158,14
458,436,33,214,14
459,437,30,230,17
460,438,35,200,14
461,439,31,211,15
462,440,32,131,14
463,441,36,228,12
464,442,34,197,12
465,443,28,130,19
466,444,32,205,14
467,445,33,197,13
468,446,29,245,17
469,447,33,249,13
470,448,32,247,14
471,449,36,158,11
472,450,26,216,23
473,451,36,150,11
474,452,31,238,16
475,453,32,137,14
476,454,31,171,15
477,455,28,172,20
478,456,32,234,15
479,457,31,145,15
480,458,33,187,13
481,459,31,225,15
482,460,36,192,16
483,461,32,155,14
484,169,36,170,11
485,462,34,198,13
486,463,29,149,17
487,464,38,208,12
488,465,32,253,14
489,466,34,210,13
490,180,32,240,18
491,467,31,130,16
492,468,34,203,12
493,455,29,215,17
494,408,34,245,12
495,469,30,154,17
496,470,31,203,15
497,471,29,195,17
498,472,31,185,15
499,473,34,214,13
500,474,30,190,17
501,475,36,182,11
502,476,35,186,12
503,477,30,178,17
504,478,37,156,11
505,479,34,247,12
506,480,33,226,14
507,438,34,160,17
508,481,32,173,14
509,482,31,172,17
510,483,29,205,17
511,484,32,143,14
512,485,27,153,19
513,486,36,176,14
514,487,35,155,11
515,488,30,189,16
516,489,38,144,12
517,490,38,168,11
518,491,32,195,14
519,492,31,129,15
520,493,34,181,12
521,388,35,160,16
522,494,30,182,17
523,495,29,146,18
524,496,31,161,15
525,497,33,207,13
526,498,32,223,14
527,499,30,206,17
528,500,41,192,11
529,501,29,178,18
530,502,29,194,18
531,503,40,128,13
532,504,32,163,14
533,505,37,132,11
534,506,36,164,12
535,507,33,199,13
536,508,32,237,14
537,509,32,161,14
538,510,34,242,13
539,511,35,143,11
540,512,30,229,16
541,73,32,150,15
542,202,32,204,16
543,513,28,230,19
544,514,31,234,16
545,515,33,252,15
546,516,29,230,18
547,517,30,135,16
548,518,29,249,17
549,519,32,210,15
550,34,31,216,18
551,520,33,179,13
552,521,26,210,21
553,522,37,232,12
554,523,33,219,13
555,524,33,254,14
556,525,30,209,16
557,526,29,171,17
558,527,31,247,15
559,528,33,239,13
560,529,32,165,14
561,530,33,212,15
562,531,27,186,20
563,532,33,166,14
564,533,35,232,14
565,534,31,213,15
566,535,31,178,16
567,536,36,166,11
568,537,35,171,11
569,77,38,128,15
570,538,31,139,15
571,539,31,157,15
572,540,33,225,13
573,541,31,147,15
574,542,30,153,16
575,543,34,220,14
576,544,29,177,17
577,545,34,194,13
578,546,30,191,16
579,191,33,184,16
580,547,40,192,12
581,91,34,232,15
582,548,26,206,21
583,549,29,165,17
584,550,30,220,18
585,551,29,221,17
586,552,32,206,15
587,553,30,197,16
588,554,31,229,15
589,555,31,177,15
590,556,32,130,15
591,557,32,147,14
592,42,33,136,16
593,385,35,192,17
594,558,36,144,14
595,559,32,227,14
596,560,31,218,16
597,561,29,179,17
598,562,24,191,22
599,563,30,241,16
600,564,31,210,16
601,174,34,140,14
602,565,25,234,22
603,566,29,220,19
604,567,28,185,18
605,568,32,214,15
606,569,32,191,14
607,570,32,251,14
608,571,28,177,18
609,572,31,205,15
610,573,35,152,14
611,574,31,227,15
612,575,33,230,14
613,576,31,179,15
614,460,37,240,13
615,577,31,138,16
616,322,37,140,11
617,578,32,228,16
618,579,31,219,15
619,580,27,129,19
620,146,36,160,15
621,581,31,254,16
622,306,30,156,18
623,582,33,159,13
624,583,32,185,14
625,584,34,216,15
626,208,33,232,16
627,585,31,199,15
628,586,28,217,18
629,323,32,164,16
630,305,31,188,17
631,451,35,240,15
632,587,36,178,11
633,588,29,151,17
634,584,35,135,11
635,589,28,207,18
636,590,42,128,11
637,591,33,162,14
638,482,32,215,14
639,592,33,246,14
640,226,32,156,16
641,593,32,221,14
642,594,35,149,11
643,595,34,243,12
644,596,31,236,17
645,597,32,167,14
646,598,27,215,19
647,599,30,203,16
648,600,27,151,19
649,601,29,229,17
650,602,30,245,16
651,603,30,165,16
652,604,29,217,17
653,127,33,130,14
654,605,37,204,11
655,606,32,158,15
656,558,37,180,11
657,607,31,137,15
658,608,34,252,14
659,609,25,219,21
660,610,35,187,11
661,540,32,180,16
662,368,33,148,15
663,611,33,236,15
664,31,33,156,15
665,612,35,167,11
666,613,31,241,15
667,614,30,174,17
668,615,30,249,16
669,616,33,170,14
670,617,31,255,15
671,393,34,176,16
672,618,32,138,15
673,619,29,153,17
674,620,30,157,16
675,621,31,193,15
676,622,30,217,16
677,623,32,162,15
678,624,29,253,17
679,625,37,236,11
680,626,31,231,15
681,529,31,132,17
682,627,35,193,11
683,628,30,250,17
684,629,33,206,14
685,630,30,145,16
686,631,31,183,15
687,632,36,168,13
688,99,37,192,15
689,633,35,203,11
690,634,35,216,14
691,635,32,245,14
692,636,30,251,16
693,637,31,155,15
694,638,33,250,14
695,639,31,159,15
696,640,32,225,14
697,92,34,240,16
698,641,33,167,13
699,358,34,184,15
700,642,29,131,17
701,643,30,137,16
702,644,35,153,11
703,645,31,233,15
704,646,28,211,18
705,647,35,165,11
706,396,30,215,16
707,648,26,140,22
708,162,38,200,11
709,649,30,216,19
710,650,36,186,11
711,651,27,229,19
712,652,30,213,16
713,653,28,134,19
714,654,32,133,14
715,32,34,200,15
716,655,29,222,18
717,656,28,182,19
718,657,35,183,11
719,658,33,210,14
720,451,34,192,18
721,659,34,228,14
722,660,29,206,18
723,661,32,175,14
724,662,32,218,15
725,663,35,137,11
726,664,36,142,11
727,640,31,180,17
728,665,29,226,18
729,365,36,210,11
730,666,30,199,16
731,667,30,163,16
732,668,39,176,11
733,669,28,199,18
734,670,32,183,14
735,671,25,229,21
736,672,30,151,16
737,673,29,159,17
738,29,34,152,15
739,674,31,187,15
740,675,27,212,21
741,676,30,223,16
742,677,29,163,17
743,678,32,250,15
744,679,28,145,18
745,680,32,146,15
746,681,30,214,17
747,682,31,131,15
748,38,27,172,21
749,637,30,248,19
750,683,27,230,20
751,684,31,158,16
752,685,31,222,16
753,686,29,197,17
754,687,28,155,18
755,688,31,201,15
756,689,35,163,11
757,690,31,170,16
758,691,29,239,17
759,692,38,216,11
760,693,29,166,18
761,694,27,165,19
762,695,31,167,15
763,696,36,226,11
764,139,33,248,16
765,487,34,248,15
766,697,33,190,14
767,698,30,152,19
768,50,31,136,18
769,699,31,223,15
770,28,32,132,16
771,679,27,232,22
772,700,29,183,17
773,701,29,141,17
774,702,28,225,18
775,703,30,247,16
776,704,28,214,19
777,705,30,226,17
778,698,31,190,16
779,706,28,153,18
780,707,28,188,20
781,76,38,140,10
782,708,26,153,20
783,709,29,189,17
784,710,32,186,15
785,711,27,163,19
786,519,31,168,18
787,647,34,132,14
788,187,34,224,17
789,260,32,216,17
790,712,32,154,15
791,713,30,133,16
792,714,29,130,18
793,715,30,187,16
794,716,30,239,16
795,717,30,179,16
796,718,28,161,18
797,719,32,212,16
798,720,29,236,19
799,721,31,150,16
800,722,31,242,16
801,723,30,194,17
802,724,30,233,16
803,725,31,253,15
804,726,35,207,11
805,727,29,198,18
806,648,27,175,19
807,728,30,234,17
808,729,30,237,16
809,730,31,220,17
810,731,29,190,18
811,732,29,158,18
812,121,31,184,18
813,733,31,244,17
814,734,30,228,18
815,735,27,221,19
816,736,31,142,16
817,284,33,152,16
818,737,26,187,20
819,658,32,168,17
820,738,29,150,18
821,6,32,196,16
822,739,28,165,18
823,740,35,211,11
824,741,28,157,18
825,742,29,155,17
826,353,35,224,16
827,244,33,208,17
828,743,31,154,16
829,744,30,253,16
830,745,28,189,18
831,746,29,254,18
832,661,31,140,17
833,747,29,157,17
834,748,30,231,16
835,749,29,147,17
836,750,29,169,17
837,751,30,161,16
838,752,25,147,21
839,753,32,202,15
840,754,29,207,17
841,216,34,144,16
842,755,29,247,17
843,756,36,206,11
844,757,24,187,22
845,758,36,214,11
846,759,25,245,21
847,377,34,208,16
848,760,32,233,14
849,761,27,227,19
850,762,30,143,16
851,678,31,200,18
852,763,31,133,15
853,764,30,147,16
854,765,30,242,17
855,742,28,248,21
856,766,29,175,17
857,767,32,142,15
858,768,28,178,19
859,769,30,201,16
860,770,30,130,17
861,771,30,166,17
862,772,36,194,11
863,2,37,128,16
864,773,35,181,11
865,357,31,232,18
866,774,31,153,15
867,775,29,193,17
868,776,27,201,19
869,777,28,190,19
870,778,27,213,19
871,779,31,214,16
872,780,26,225,20
873,781,29,187,17
874,410,31,204,17
875,782,31,186,16
876,783,28,251,18
877,784,28,137,18
878,785,24,250,23
879,786,31,206,16
880,787,30,222,17
881,788,28,197,18
882,789,28,218,19
883,790,29,250,18
884,791,29,143,17
885,792,28,183,18
886,793,26,155,20
887,794,29,129,17
888,649,31,135,15
889,795,26,131,20
890,796,20,179,26
891,797,27,209,19
892,798,26,246,21
893,799,31,146,16
894,119,30,200,19
895,800,28,206,19
896,801,29,201,17
897,802,27,233,19
898,803,28,247,18
899,270,33,144,17
900,804,29,255,17
901,805,30,173,16
902,806,31,169,15
903,807,30,221,16
904,808,31,209,15
905,809,27,255,19
906,810,29,186,18
907,811,27,222,20
908,812,26,129,20
909,813,35,201,11
910,814,26,251,20
911,815,29,203,17
912,816,28,227,18
913,817,28,209,18
914,818,35,251,11
915,819,28,243,18
916,820,27,185,19
917,153,31,152,18
918,821,24,153,22
919,822,27,236,21
920,823,31,212,17
921,824,26,213,20
922,825,30,142,17
923,826,25,253,21
924,827,31,228,17
925,828,32,198,15
926,829,30,150,17
927,830,35,221,11
928,831,31,163,15
929,832,28,159,18
930,833,29,137,17
931,834,29,211,17
932,146,35,128,18
933,835,28,169,18
934,836,28,163,18
935,90,32,148,16
936,837,29,223,17
937,838,28,246,19
938,839,29,213,17
939,840,36,218,11
940,572,30,164,18
941,254,30,188,18
942,841,28,220,20
943,842,31,166,16
944,843,26,146,21
945,844,31,226,16
946,444,31,164,17
947,845,30,167,16
948,846,25,129,21
949,847,28,173,18
950,848,32,220,16
951,849,29,209,17
952,850,23,173,23
953,851,30,254,17
954,852,30,207,16
955,853,28,186,19
956,854,35,189,11
957,855,35,173,11
958,856,28,237,18
959,857,29,199,17
960,858,30,149,16
961,721,30,240,20
962,859,29,139,17
963,860,35,191,11
964,543,33,176,17
965,861,27,166,20
966,862,28,242,19
967,863,27,211,19
968,864,29,238,18
969,865,26,135,20
970,866,27,146,20
971,867,28,174,19
972,868,26,209,20
973,869,26,157,20
974,870,30,146,17
975,871,27,179,19
976,872,28,151,18
977,575,32,184,17
978,873,30,212,18
979,874,31,134,16
980,875,28,135,18
981,467,30,208,20
982,876,27,195,19
983,461,31,248,18
984,877,28,255,18
985,878,28,150,19
986,879,29,252,19
987,880,30,158,17
988,617,30,204,18
989,881,35,179,11
990,882,29,133,17
991,883,28,231,18
992,884,24,217,22
993,885,28,147,18
994,886,29,219,17
995,491,31,156,17
996,887,29,231,17
997,888,29,237,17
998,162,36,128,17
999,567,27,148,21
1000,889,29,167,17
1001,382,35,185,11
1002,890,28,235,18
1003,891,28,180,20
1004,892,30,235,16
1005,893,29,134,18
1006,891,29,225,17
1007,894,35,197,11
1008,540,31,144,19
1009,486,37,220,11
1010,895,40,224,11
1011,896,29,181,17
1012,897,27,235,19
1013,320,32,176,18
1014,898,37,196,11
1015,899,29,170,18
1016,900,28,223,18
1017,388,34,128,19
1018,901,26,241,20
1019,92,33,192,19
1020,902,22,157,24
1021,903,27,147,19
1022,904,31,252,17
1023,905,26,197,20
1024,616,32,136,17
1025,906,28,179,18
1026,907,30,169,16
1027,908,32,236,16
1028,909,28,194,19
1029,26,32,232,17
1030,564,30,168,19
1031,910,28,221,18
1032,369,29,204,19
1033,911,31,162,16
1034,912,35,227,11
1035,913,35,199,11
1036,221,30,132,18
1037,914,30,218,17
1038,915,30,244,18
1039,916,27,219,19
1040,917,26,147,20
1041,918,26,191,20
1042,638,32,200,17
1043,466,33,168,16
1044,919,27,139,19
1045,920,26,231,20
1046,921,26,201,20
1047,922,37,188,11
1048,923,36,198,11
1049,924,27,194,20
1050,925,27,169,19
1051,926,29,210,18
1052,927,27,134,20
1053,928,28,236,20
1054,929,27,225,19
1055,930,29,138,18
1056,556,31,208,19
1057,931,24,237,22
1058,932,27,181,19
1059,697,32,152,17
1060,933,26,220,22
1061,934,27,203,19
1062,935,28,131,18
1063,174,33,224,18
1064,936,25,157,21
1065,937,29,228,19
1066,938,30,252,18
1067,877,27,204,21
1068,472,30,148,18
1069,939,26,229,20
1070,940,35,243,11
1071,941,28,210,19
1072,942,29,234,18
1073,180,31,192,21
1074,943,27,200,22
1075,944,30,162,17
1076,945,28,238,19
1077,946,30,186,17
1078,947,24,174,23
1079,948,29,227,17
1080,628,29,200,20
1081,949,26,174,21
1082,950,24,186,23
1083,951,27,245,19
1084,952,27,167,19
1085,953,27,239,19
1086,954,23,139,23
1087,943,28,250,19
1088,56,33,240,17
1089,955,29,242,18
1090,956,29,243,17
1091,450,27,135,19
1092,602,29,196,19
1093,957,26,211,20
1094,958,26,235,20
1095,4,29,148,19
1096,959,29,154,18
1097,960,26,194,21
1098,961,27,149,19
1099,962,26,242,21
1100,963,25,130,22
1101,964,32,252,16
1102,459,30,180,18
1103,965,30,134,17
1104,966,27,193,19
1105,967,27,202,20
1106,968,27,173,19
1107,969,29,202,18
1108,970,26,249,20
1109,346,36,230,11
1110,971,24,181,22
1111,972,29,185,17
1112,973,28,133,18
1113,974,25,169,21
1114,975,25,187,21
1115,583,31,148,17
1116,976,28,229,18
1117,977,26,255,20
1118,978,26,139,20
1119,979,28,201,18
1120,980,26,228,22
1121,981,25,134,22
1122,982,27,159,19
1123,983,30,193,16
1124,984,28,205,18
1125,985,27,223,19
1126,986,35,219,11
1127,790,28,200,21
1128,987,25,207,21
1129,988,26,195,20
1130,989,27,143,19
1131,32,33,160,18
1132,517,29,216,20
1133,990,25,232,24
1134,991,27,249,19
1135,363,29,136,20
1136,992,26,219,20
1137,993,26,179,20
1138,994,29,174,18
1139,995,27,218,20
1140,996,30,238,17
1141,997,27,170,20
1142,457,30,232,19
1143,998,25,231,21
1144,892,29,188,19
1145,999,26,239,20
1146,635,31,196,17
1147,1000,28,158,19
1148,318,30,184,19
1149,115,32,144,18
1150,1001,25,173,21
1151,1002,35,233,11
1152,1003,25,243,21
1153,1004,28,181,18
1154,1005,28,245,18
1155,1006,29,142,18
1156,690,30,136,19
1157,1007,26,238,21
1158,829,28,192,24
1159,1008,25,170,22
1160,661,30,224,21
1161,471,28,156,20
1162,1009,35,209,11
1163,941,27,168,22
1164,1010,24,255,22
1165,1011,25,185,21
1166,1012,25,205,21
1167,1013,27,161,19
1168,1014,28,241,18
1169,1015,22,234,25
1170,270,35,225,11
1171,1016,21,131,25
1172,1017,27,189,19
1173,1018,25,191,21
1174,1019,26,149,20
1175,1020,28,146,19
1176,1021,27,171,19
1177,1022,28,142,19
1178,1023,25,171,21
1179,1024,27,251,19
1180,1025,28,234,19
1181,1026,26,215,20
1182,1027,27,243,19
1183,1028,21,249,25
1184,1029,28,149,18
1185,1030,25,140,23
1186,1031,26,166,21
1187,483,28,164,20
1188,1032,35,213,11
1189,1033,35,249,11
1190,1034,27,199,19
1191,1035,29,246,18
1192,1036,24,129,22
1193,1037,28,167,18
1194,1038,26,193,20
1195,1039,25,241,21
1196,628,28,160,23
1197,1040,28,253,18
1198,804,28,204,20
1199,1041,27,162,20
1200,1042,24,249,22
1201,1043,28,171,18
1202,1044,28,252,20
1203,1045,20,243,26
1204,707,29,235,17
1205,264,29,164,19
1206,1046,26,214,21
1207,1047,28,219,18
1208,1048,27,182,20
1209,1049,17,139,29
1210,1050,25,214,22
1211,1051,25,142,22
1212,145,30,140,18
1213,1052,27,253,19
1214,1053,35,217,11
1215,1054,28,233,18
1216,1055,36,137,10
1217,1056,28,187,18
1218,1057,27,207,19
1219,1058,20,227,26
1220,1059,28,239,18
1221,683,26,184,23
1222,573,36,190,11
1223,1060,27,191,19
1224,1061,39,208,11
1225,1062,24,139,22
1226,1063,26,173,20
1227,1064,28,191,18
1228,1065,27,187,19
1229,1066,35,247,11
1230,1067,28,203,18
1231,1068,27,142,20
1232,899,28,136,21
1233,1069,25,237,21
1234,1070,26,230,21
1235,1071,27,155,19
1236,1072,25,227,21
1237,218,29,140,19
1238,1073,26,181,20
1239,372,35,215,11
1240,1074,24,155,22
1241,1075,24,241,22
1242,1076,24,223,22
1243,1077,27,130,20
1244,1078,29,218,18
1245,1079,28,154,19
1246,1080,23,225,23
1247,1081,25,252,23
1248,603,29,132,19
1249,1082,24,169,22
1250,1083,25,163,21
1251,1084,27,183,19
1252,1085,23,186,24
1253,1086,23,217,23
1254,1087,23,233,23
1255,1088,24,211,22
1256,1089,26,227,20
1257,1090,28,213,18
1258,875,27,216,22
1259,459,29,144,21
1260,1091,25,235,21
1261,1092,29,244,19
1262,1093,27,250,20
1263,926,28,168,21
1264,848,31,176,19
1265,1094,25,223,21
1266,1095,24,178,23
1267,766,28,140,20
1268,1096,25,149,21
1269,997,26,136,23
1270,1097,29,162,18
1271,1098,24,141,22
1272,434,29,180,19
1273,1099,28,212,20
1274,1100,28,166,19
1275,438,33,128,20
1276,1101,26,198,21
1277,1102,22,244,26
1278,1103,27,217,19
1279,1104,25,179,21
1280,1105,28,195,18
1281,276,29,248,20
1282,1106,23,177,23
1283,1107,27,197,19
1284,1108,27,214,20
1285,1109,28,222,19
1286,1110,25,161,21
1287,1111,24,251,22
1288,1112,25,211,21
1289,60,29,156,19
1290,550,29,176,21
1291,1113,24,143,22
1292,1114,25,213,21
1293,1115,26,159,20
1294,1116,19,201,27
1295,1117,21,182,26
1296,1118,24,207,22
1297,1119,24,216,25
1298,1120,25,239,21
1299,1121,27,141,19
1300,1122,26,223,20
1301,310,32,160,19
1302,1123,26,253,20
1303,1124,21,201,25
1304,1125,26,154,21
1305,1126,25,143,21
1306,1127,37,228,11
1307,1128,28,202,19
1308,1129,26,189,20
1309,1130,24,133,22
1310,1131,24,246,23
1311,1030,26,175,20
1312,1132,26,138,21
1313,1133,26,199,20
1314,841,27,176,23
1315,106,32,224,19
1316,1134,23,247,23
1317,1135,27,131,19
1318,1136,26,178,21
1319,730,30,176,20
1320,1137,25,215,21
1321,1138,26,161,20
1322,1139,28,198,19
1323,1140,26,169,20
1324,1141,27,220,21
1325,374,28,232,21
1326,1142,27,238,20
1327,1143,29,212,19
1328,1144,27,133,19
1329,1145,23,135,23
1330,1146,26,221,20
1331,1147,36,238,11
1332,1148,24,184,25
1333,1149,22,181,24
1334,1150,26,163,20
1335,1151,28,129,18
1336,1152,28,228,20
1337,1153,23,137,23
1338,1154,25,175,21
1339,1155,24,173,22
1340,829,29,240,21
1341,1156,27,178,20
1342,1157,26,150,21
1343,1158,28,138,19
1344,1159,26,142,21
1345,1160,25,195,21
1346,3,39,240,11
1347,549,28,132,20
1348,1161,36,131,10
1349,1162,36,202,11
1350,1163,37,134,10
1351,1164,23,253,23
1352,1165,19,173,27
1353,474,29,152,20
1354,1166,22,245,24
1355,397,35,205,11
1356,1167,26,137,20
1357,1168,24,231,22
1358,1005,27,196,21
1359,1169,25,197,21
1360,1170,24,203,22
1361,1171,27,241,19
1362,1172,28,170,19
1363,891,27,144,23
1364,1173,23,184,26
1365,1174,28,162,19
1366,1175,26,234,21
1367,1176,23,195,23
1368,1177,26,245,20
1369,1178,26,186,21
1370,1179,29,214,18
1371,1180,27,231,19
1372,1181,25,193,21
1373,1182,26,130,21
1374,1183,23,235,23
1375,1184,26,171,20
1376,714,28,208,22
1377,1185,26,162,21
1378,1186,28,254,19
1379,1187,27,244,21
1380,1188,26,205,20
1381,23,35,235,11
1382,780,25,180,23
1383,1189,37,212,11
1384,513,27,184,22
1385,1190,23,142,24
1386,1191,28,244,20
1387,1192,15,198,32
1388,1193,27,247,19
1389,1194,27,177,19
1390,1195,25,225,21
1391,1196,27,205,19
1392,1197,26,237,20
1393,1198,24,245,22
1394,1199,25,226,22
1395,1200,24,154,23
1396,1201,22,247,24
1397,1202,35,223,11
1398,1203,27,150,20
1399,1204,21,135,25
1400,1205,26,217,20
1401,630,29,232,20
1402,1206,25,165,21
1403,1207,27,234,20
1404,1208,36,222,11
1405,1209,27,154,20
1406,392,31,224,20
1407,1105,27,156,21
1408,1210,26,233,20
1409,1211,35,229,11
1410,1212,23,131,23
1411,1213,24,227,22
1412,1214,21,251,25
1413,1215,26,151,20
1414,56,32,192,20
1415,1216,22,130,25
1416,1217,23,189,23
1417,1218,26,133,20
1418,1219,28,226,19
1419,1220,26,183,20
1420,1221,23,138,24
1421,1222,25,158,22
1422,566,28,176,22
1423,1223,24,198,23
1424,1224,24,197,22
1425,1225,26,182,21
1426,1119,25,135,21
1427,1226,25,133,21
1428,1227,27,242,20
1429,206,27,140,21
1430,1228,26,190,21
1431,1229,22,230,25
1432,1230,27,206,20
1433,1231,35,231,11
1434,395,28,216,21
1435,1232,25,183,21
1436,32,32,128,21
1437,1233,22,154,25
1438,1234,25,247,21
1439,1235,27,157,19
1440,1236,24,167,22
1441,1237,23,182,24
1442,990,26,145,20
1443,1238,25,199,21
1444,1239,24,177,22
1445,1240,23,151,23
1446,1241,23,194,24
1447,1242,25,145,21
1448,1243,25,202,22
1449,1244,24,134,23
1450,1245,25,155,21
1451,1246,26,141,20
1452,1247,27,228,21
1453,1248,23,199,23
1454,1249,25,198,22
1455,1250,24,171,22
1456,1251,25,186,22
1457,1252,26,165,20
1458,1253,24,163,22
1459,1254,26,226,21
1460,1255,24,215,22
1461,640,30,144,20
1462,438,36,250,11
1463,1256,25,151,21
1464,638,31,160,20
1465,1257,21,246,26
1466,1258,26,252,22
1467,1259,27,158,20
1468,1260,36,246,11
1469,145,29,224,22
1470,1261,25,228,23
1471,1262,24,199,22
1472,1263,26,236,22
1473,1264,22,225,24
1474,1265,27,190,20
1475,1266,25,255,21
1476,1267,27,237,19
1477,1268,24,189,22
1478,1011,24,148,24
1479,1269,24,145,22
1480,1270,25,251,21
1481,972,28,148,20
1482,1271,21,153,25
1483,1272,27,254,20
1484,427,35,245,11
1485,1273,23,171,23
1486,1274,25,249,21
1487,1275,24,202,23
1488,1276,37,244,11
1489,1277,23,187,23
1490,1278,21,215,25
1491,770,29,208,21
1492,1279,22,163,24
1493,1280,25,238,22
1494,1281,23,181,23
1495,1282,25,246,22
1496,1283,24,239,22
1497,1284,24,243,22
1498,1285,25,250,22
1499,1286,24,222,23
1500,1287,23,236,25
1501,820,26,148,22
1502,503,41,160,10
1503,1288,38,164,10
1504,1289,36,203,10
1505,1290,26,243,20
1506,1291,35,241,11
1507,1292,36,133,10
1508,1,37,130,10
1509,1293,25,221,21
1510,1294,23,197,23
1511,1295,25,233,21
1512,1296,26,207,20
1513,310,31,128,22
1514,702,27,180,21
1515,1297,23,162,24
1516,1298,24,142,23
1517,1299,26,222,21
1518,1300,26,202,21
1519,1301,24,183,22
1520,1302,36,143,10
1521,1303,38,148,10
1522,1304,25,166,22
1523,1305,36,129,10
1524,1306,38,132,10
1525,1307,37,202,10
1526,1308,37,162,10
1527,1309,39,136,10
1528,1310,36,242,11
1529,1311,21,166,26
1530,1148,25,230,22
1531,1312,26,143,20
1532,1313,23,241,23
1533,516,28,184,21
1534,1314,27,210,20
1535,1315,36,254,11
1536,1316,24,193,22
1537,598,26,172,22
1538,1317,35,253,11
1539,1318,27,226,20
1540,1319,22,227,24
1541,1320,36,183,10
1542,1321,35,239,11
1543,1322,25,137,21
1544,1323,35,237,11
1545,1324,36,153,10
1546,1325,26,185,20
1547,446,28,196,20
1548,1326,21,235,25
1549,1327,25,190,22
1550,1328,36,151,10
1551,1329,22,158,25
1552,1330,23,191,23
1553,1331,38,248,11
1554,1080,22,180,26
1555,1332,25,153,21
1556,1333,27,246,20
1557,1334,23,159,23
1558,1335,25,218,22
1559,1336,25,206,22
1560,1337,24,147,22
1561,1338,36,234,11
1562,329,36,185,10
1563,1339,26,247,20
1564,1340,37,138,10
1565,984,27,164,21
1566,1341,36,159,10
1567,1342,23,221,23
1568,1343,37,142,10
1569,1344,24,149,22
1570,1345,36,171,10
1571,1346,40,144,10
1572,1347,36,213,10
1573,1348,36,139,10
1574,1349,40,176,10
1575,1350,39,184,10
1576,1351,37,182,10
1577,1352,39,168,10
1578,632,37,210,10
1579,1353,36,181,10
1580,131,35,255,11
1581,1354,26,244,22
1582,1355,20,161,26
1583,443,27,208,23
1584,1356,24,235,22
1585,437,29,184,20
1586,1357,22,174,25
1587,721,29,192,23
1588,1358,23,175,23
1589,739,27,132,21
1590,1091,24,188,24
1591,1359,24,209,22
1592,1360,43,128,10
1593,1361,37,154,10
1594,1362,37,146,10
1595,1363,36,179,10
1596,1364,25,139,21
1597,876,26,156,22
1598,1365,23,227,23
1599,738,28,240,22
1600,1366,21,239,25
1601,777,27,152,22
1602,1367,23,164,25
1603,1368,22,161,24
1604,1369,26,254,21
1605,1245,24,248,25
1606,1370,25,159,21
1607,1371,14,142,33
1608,1372,23,211,23
1609,1373,23,239,23
1610,1374,25,146,22
1611,218,28,224,23
1612,1375,25,181,21
1613,1376,24,190,23
1614,1377,37,252,11
1615,1378,23,147,23
1616,1379,20,169,26
1617,1380,26,158,21
1618,1381,24,226,23
1619,1195,24,180,24
1620,1382,24,159,22
1621,1383,24,210,23
1622,1384,18,254,29
1623,1385,18,133,28
1624,1386,27,198,20
1625,1387,18,243,28
1626,1388,22,171,24
1627,1389,22,179,24
1628,1390,20,143,26
1629,1391,24,151,22
1630,1392,20,255,26
1631,1393,25,254,22
1632,1394,24,137,22
1633,1395,25,209,21
1634,1195,23,144,27
1635,1396,24,185,22
1636,1397,24,244,24
1637,1398,25,141,21
1638,731,28,152,21
1639,1399,22,133,24
1640,1400,27,252,21
1641,1401,25,203,21
1642,1402,25,177,21
1643,1403,26,218,21
1644,1404,25,150,22
1645,1405,24,150,23
1646,1406,22,166,25
1647,1407,23,229,23
1648,1408,24,161,22
1649,1409,24,225,22
1650,1410,20,201,26
1651,1411,25,194,22
1652,1412,24,233,22
1653,1413,23,203,23
1654,1414,24,219,22
1655,1415,23,183,23
1656,1416,24,213,22
1657,1417,22,204,26
1658,1418,36,157,10
1659,338,29,168,20
1660,1419,24,131,22
1661,694,26,132,22
1662,687,27,248,22
1663,1420,25,162,22
1664,1421,22,226,25
1665,1422,24,195,22
1666,1423,24,146,23
1667,1424,18,215,28
1668,1425,26,134,21
1669,1426,24,182,23
1670,1427,23,207,23
1671,1428,22,242,25
1672,1196,26,164,22
1673,890,27,188,21
1674,1429,22,183,24
1675,1430,23,163,23
1676,1431,24,254,23
1677,1432,23,219,23
1678,1160,24,156,24
1679,1433,26,170,21
1680,1434,25,138,22
1681,1435,23,149,23
1682,1436,19,175,27
1683,1437,24,253,22
1684,119,29,160,22
1685,1438,23,179,23
1686,1439,23,213,23
1687,678,30,160,21
1688,1440,23,230,24
1689,1441,24,234,23
1690,1442,24,179,22
1691,1443,18,225,28
1692,1444,21,150,26
1693,1445,25,167,21
1694,785,23,200,26
1695,1446,23,169,23
1696,1252,25,132,23
1697,1447,24,130,23
1698,1448,23,155,23
1699,73,30,192,22
1700,1417,23,255,23
1701,1449,22,199,24
1702,1450,24,162,23
1703,1367,24,205,22
1704,1451,24,201,22
1705,1452,25,201,21
1706,1453,25,131,21
1707,1454,23,141,23
1708,1455,22,187,24
1709,790,27,160,24
1710,1456,22,220,26
1711,678,29,128,24
1712,1457,25,222,22
1713,977,25,204,23
1714,1458,23,170,24
1715,1459,23,246,24
1716,1460,24,158,23
1717,1461,21,211,25
1718,1462,26,250,21
1719,951,26,196,22
1720,1463,22,195,24
1721,1464,23,212,25
1722,1465,21,223,25
1723,1466,25,174,22
1724,1467,23,243,23
1725,1468,24,135,22
1726,1469,22,155,24
1727,1470,22,153,24
1728,1471,23,134,24
1729,1472,36,141,10
1730,1473,21,250,26
1731,1474,24,214,23
1732,1475,22,201,24
1733,1071,26,248,23
1734,1476,23,231,23
1735,1477,23,190,24
1736,1478,22,139,24
1737,1479,23,214,24
1738,434,28,144,22
1739,349,36,155,10
1740,1480,23,206,24
1741,1481,16,239,30
1742,1482,22,146,25
1743,1483,39,152,10
1744,1484,22,150,25
1745,1070,25,184,24
1746,1485,21,146,26
1747,1486,21,137,25
1748,809,26,204,22
1749,1487,23,251,23
1750,1488,20,174,27
1751,1489,21,241,25
1752,1314,26,168,23
1753,1490,21,132,27
1754,1093,26,200,23
1755,1491,22,243,24
1756,1492,21,143,25
1757,897,26,188,22
1758,929,26,180,22
1759,1493,25,210,22
1760,1494,25,217,21
1761,1495,36,149,10
1762,1496,24,220,24
1763,1497,20,187,26
1764,1498,23,153,23
1765,385,37,150,10
1766,1203,26,240,24
1767,1499,20,219,26
1768,1500,17,129,29
1769,1501,22,197,24
1770,1188,25,164,23
1771,430,26,232,23
1772,1502,20,207,26
1773,1503,25,178,22
1774,1504,21,186,26
1775,1505,23,178,24
1776,1506,23,228,25
1777,1383,23,168,26
1778,1507,23,218,24
1779,1508,20,251,26
1780,1172,27,136,22
1781,1509,22,213,24
1782,1510,24,157,22
1783,1511,22,175,24
1784,1512,18,253,28
1785,1513,24,242,23
1786,1206,24,132,24
1787,1514,23,215,23
1788,1515,22,221,24
1789,1516,19,145,27
1790,1012,24,164,24
1791,1173,24,230,23
1792,1265,26,152,23
1793,1490,22,165,24
1794,1517,23,167,23
1795,1518,20,141,26
1796,1519,22,194,25
1797,1520,23,174,24
1798,1521,38,156,10
1799,1522,20,129,26
1800,1523,23,185,23
1801,634,36,135,10
1802,1524,24,170,23
1803,1525,22,169,24
1804,1396,23,148,25
1805,793,25,248,24
1806,1526,24,165,22
1807,1527,22,173,24
1808,1528,19,255,27
1809,1529,21,148,27
1810,1530,21,183,25
1811,1531,17,151,29
1812,1532,36,147,10
1813,1533,22,210,25
1814,759,24,196,24
1815,1534,20,185,26
1816,933,25,176,25
1817,1535,19,241,27
1818,1536,22,138,25
1819,1537,23,130,24
1820,1538,25,154,22
1821,278,37,230,10
1822,1539,36,229,10
1823,1540,36,177,10
1824,1541,24,252,24
1825,1542,21,213,25
1826,1543,22,151,24
1827,1544,19,213,27
1828,1545,21,151,25
1829,1546,36,173,10
1830,1547,36,199,10
1831,1548,19,191,27
1832,1549,22,190,25
1833,1550,23,249,23
1834,1551,39,216,10
1835,1176,22,156,26
1836,878,27,240,23
1837,1552,23,154,24
1838,58,36,205,10
1839,1553,22,235,24
1840,1554,20,189,26
1841,1555,25,189,21
1842,1556,36,167,10
1843,1557,36,217,10
1844,1558,20,135,26
1845,1526,23,132,25
1846,206,26,224,25
1847,1141,26,176,24
1848,1559,20,225,26
1849,1560,20,229,26
1850,943,26,160,25
1851,1561,23,209,23
1852,1562,19,228,29
1853,1563,18,203,28
1854,1564,22,209,24
1855,1266,24,204,24
1856,1565,23,150,24
1857,1566,22,217,24
1858,1567,21,133,25
1859,865,25,216,24
1860,1568,24,175,22
1861,1569,26,212,22
1862,1570,22,137,24
1863,1571,25,244,23
1864,1572,23,157,23
1865,1529,22,185,24
1866,1325,25,148,23
1867,1573,23,210,24
1868,1574,21,227,25
1869,1575,25,242,22
1870,1177,25,196,23
1871,1576,21,231,25
1872,1577,11,169,35
1873,1559,18,144,32
1874,1578,22,149,24
1875,1579,24,138,23
1876,1285,24,200,25
1877,1580,15,173,31
1878,1581,23,254,24
1879,1582,22,219,24
1880,1583,20,173,26
1881,1584,23,165,23
1882,1077,26,208,24
1883,186,36,165,10
1884,1242,24,232,25
1885,1585,22,229,24
1886,1586,22,249,24
1887,1587,23,205,23
1888,1588,24,229,22
1889,1589,22,253,24
1890,1590,24,236,24
1891,1591,20,170,27
1892,1592,20,211,26
1893,1593,22,143,24
1894,1594,22,205,24
1895,1595,37,178,10
1896,1596,22,135,24
1897,958,25,188,23
1898,1597,22,237,24
1899,1598,22,177,24
1900,1599,37,166,10
1901,1600,23,166,24
1902,1601,37,158,10
1903,1602,21,253,25
1904,1603,19,229,27
1905,988,25,156,23
1906,1604,21,163,25
1907,1605,21,159,25
1908,1606,22,131,24
1909,1607,24,247,22
1910,1608,24,218,23
1911,1609,24,194,23
1912,1610,21,238,26
1913,1611,20,175,26
1914,1612,23,193,23
1915,1613,22,223,24
1916,1614,20,215,26
1917,1615,21,233,25
1918,1616,24,212,24
1919,1617,15,197,31
1920,1618,22,241,24
1921,1619,24,206,23
1922,1620,23,223,23
1923,1621,24,238,23
1924,1622,19,225,27
1925,1183,22,188,26
1926,533,36,145,10
1927,1623,25,212,23
1928,1166,21,196,27
1929,1624,23,234,24
1930,1137,24,172,24
1931,1625,21,134,26
1932,352,37,135,9
1933,1626,36,169,10
1934,400,37,170,10
1935,1627,17,137,29
1936,1628,21,171,25
1937,1629,25,236,23
1938,1026,25,172,23
1939,1630,25,182,22
1940,1631,23,237,23
1941,1632,21,234,26
1942,1633,22,203,24
1943,1405,23,240,27
1944,1634,23,238,24
1945,119,28,128,25
1946,1635,22,200,27
1947,1636,21,181,25
1948,1462,25,200,24
1949,1637,22,202,25
1950,1638,23,201,23
1951,1639,22,211,24
1952,1640,21,195,25
1953,1641,19,246,28
1954,1642,22,191,24
1955,1643,20,210,27
1956,1644,23,133,23
1957,1645,22,147,24
1958,1646,21,217,25
1959,1647,23,245,23
1960,1648,23,242,24
1961,648,25,224,26
1962,1649,22,238,25
1963,2,39,200,10
1964,1650,22,231,24
1965,638,30,128,23
1966,1651,21,191,25
1967,1652,22,251,24
1968,1653,21,229,25
1969,1654,21,225,25
1970,1655,37,174,10
1971,1656,18,187,28
1972,1657,18,245,28
1973,1658,23,161,23
1974,1565,22,240,28
1975,1659,23,220,25
1976,1660,19,131,27
1977,1493,24,168,25
1978,1661,18,197,28
1979,1662,22,246,25
1980,1663,20,131,26
1981,1664,21,157,25
1982,1157,25,240,25
1983,1665,23,222,24
1984,1666,20,182,27
1985,1667,21,194,26
1986,1668,22,159,24
1987,1669,17,211,29
1988,1670,17,153,29
1989,1671,20,145,26
1990,1523,22,148,26
1991,1264,21,180,27
1992,1672,19,152,30
1993,1673,20,167,26
1994,1674,37,214,10
1995,1675,36,221,10
1996,187,36,175,10
1997,1676,21,147,25
1998,1677,17,143,29
1999,1587,22,164,26
2000,1678,18,233,28
2001,1679,20,214,27
2002,1680,23,226,24
2003,1681,21,138,26
2004,1682,20,171,26
2005,1683,22,162,25
2006,1074,23,248,26
2007,1684,23,143,23
2008,1685,19,221,27
2009,1686,22,228,26
2010,1687,36,187,10
2011,1688,36,161,10
2012,1689,22,206,25
2013,1690,38,172,10
2014,1691,21,178,26
2015,1584,22,132,26
2016,1692,23,158,24
2017,1154,24,140,24
2018,1356,23,188,25
2019,1596,21,216,28
2020,1145,22,216,27
2021,1404,23,192,29
2022,1568,23,140,25
2023,1693,36,163,10
2024,1694,25,220,23
2025,1433,25,136,24
2026,1695,21,179,25
2027,1696,21,142,26
2028,1697,20,140,28
2029,1698,20,166,27
2030,1699,22,134,25
2031,1700,21,209,25
2032,1701,20,213,26
2033,1702,24,166,23
2034,1703,21,154,26
2035,1704,21,197,25
2036,1705,21,252,27
2037,1706,21,161,25
2038,1707,23,145,23
2039,1708,21,245,25
2040,1709,22,215,24
2041,1710,19,236,29
2042,1440,22,184,27
2043,1711,21,198,26
2044,1255,23,172,25
2045,1712,20,206,27
2046,1713,22,233,24
2047,1635,23,250,24
2048,1404,24,240,26
2049,1714,15,217,31
2050,1715,23,202,24
2051,1694,24,176,26
2052,1716,22,189,24
2053,1565,21,192,31
2054,1717,21,187,25
2055,1718,22,141,24
2056,1719,24,228,24
2057,1720,22,167,24
2058,1721,21,173,25
2059,1722,20,159,26
2060,1723,19,203,27
2061,1724,23,129,23
2062,1447,23,208,27
2063,1182,25,208,25
2064,1725,18,209,28
2065,1726,21,203,25
2066,738,27,192,25
2067,1727,20,221,26
2068,1728,22,129,24
2069,1729,37,186,10
2070,1730,22,239,24
2071,1731,16,199,30
2072,1732,20,195,26
2073,1524,23,136,26
2074,1733,21,169,25
2075,359,38,180,10
2076,1734,21,230,26
2077,1735,21,170,26
2078,1736,21,193,25
2079,1737,19,139,27
2080,1738,20,147,26
2081,1739,19,235,27
2082,1740,20,235,26
2083,1741,21,237,25
2084,1742,17,185,29
2085,1463,21,156,27
2086,1743,20,237,26
2087,1744,15,235,31
2088,1745,21,214,26
2089,1746,21,149,25
2090,1747,20,183,26
2091,1748,20,247,26
2092,1749,21,255,25
2093,1750,19,227,27
2094,780,24,144,26
2095,1751,18,183,28
2096,1752,20,209,26
2097,1477,22,152,27
2098,521,25,168,24
2099,1672,20,190,27
2100,1753,19,207,27
2101,790,26,128,27
2102,1594,21,164,27
2103,1754,22,182,25
2104,1755,22,198,25
2105,1756,20,217,26
2106,1757,22,178,25
2107,1228,25,152,24
2108,1758,20,239,26
2109,1759,21,158,26
2110,1760,21,222,26
2111,1761,19,218,28
2112,1762,42,192,10
2113,1093,25,160,26
2114,1763,20,155,26
2115,963,24,208,26
2116,1764,21,205,25
2117,1765,20,241,26
2118,1766,22,214,25
2119,1767,22,255,24
2120,1768,18,169,28
2121,1769,18,139,28
2122,1770,23,198,24
2123,1771,21,243,25
2124,1772,21,244,27
2125,1773,36,189,10
2126,1774,21,174,26
2127,1775,22,212,26
2128,1776,21,155,25
2129,1777,20,157,26
2130,1778,36,207,10
2131,1779,22,207,24
2132,1780,18,131,28
2133,1030,24,224,27
2134,1781,21,145,25
2135,1269,23,232,26
2136,1782,17,195,29
2137,1783,18,129,28
2138,1784,20,202,27
2139,1785,21,232,28
2140,1786,19,243,27
2141,1787,19,171,27
2142,702,26,144,24
2143,1788,20,151,26
2144,1789,16,195,30
2145,1790,19,238,28
2146,1791,21,141,25
2147,1792,18,181,28
2148,1793,18,235,28
2149,1794,17,134,30
2150,1795,21,190,26
2151,1796,38,212,10
2152,1797,20,231,26
2153,1798,17,203,29
2154,1799,21,218,26
2155,1800,20,212,28
2156,1801,17,243,29
2157,1802,22,193,24
2158,1198,23,196,25
2159,1785,22,145,24
2160,1803,20,194,27
2161,1635,20,128,33
2162,1707,22,232,27
2163,1804,21,200,28
2164,766,27,224,24
2165,1805,21,139,25
2166,1806,19,135,27
2167,1392,19,204,29
2168,1807,23,146,24
2169,1808,21,206,26
2170,1809,14,135,32
2171,1810,22,218,25
2172,1811,20,233,26
2173,1812,19,130,28
2174,1813,20,146,27
2175,1814,21,242,26
2176,1815,20,203,26
2177,1816,21,199,25
2178,1817,21,247,25
2179,1697,21,175,25
2180,1422,23,156,25
2181,1818,19,183,27
2182,1819,14,241,32
2183,1820,19,219,27
2184,1821,19,157,27
2185,312,37,190,10
2186,1468,23,216,26
2187,1822,17,156,31
2188,1823,18,141,28
2189,1824,19,182,28
2190,1825,15,211,31
2191,1826,16,221,30
2192,1827,11,229,35
2193,1828,23,252,25
2194,1829,20,238,27
2195,1830,11,247,35
2196,1831,19,149,27
2197,1573,22,168,27
2198,1514,22,172,26
2199,1832,18,212,30
2200,1833,20,199,26
2201,628,27,128,26
2202,1834,16,190,31
2203,1835,20,226,27
2204,1836,21,162,26
2205,1837,21,177,25
2206,1838,20,193,26
2207,1839,22,186,25
2208,1749,20,204,28
2209,216,36,225,10
2210,1840,19,195,27
2211,1804,22,250,25
2212,1841,21,130,26
2213,1842,19,237,27
2214,1843,19,210,28
2215,1708,20,196,28
2216,1844,19,253,27
2217,1845,20,191,26
2218,1846,20,162,27
2219,1847,16,243,30
2220,1822,18,195,28
2221,1848,20,133,26
2222,1376,23,152,26
2223,1849,19,133,27
2224,1850,22,142,25
2225,1010,23,204,25
2226,1851,18,221,28
2227,1852,17,250,30
2228,1327,24,152,25
2229,1853,19,215,27
2230,1854,16,255,30
2231,1855,18,173,28
2232,1856,23,244,25
2233,1857,37,198,10
2234,1858,19,230,28
2235,1859,37,194,10
2236,1860,17,247,29
2237,1861,11,181,35
2238,1862,20,181,26
2239,1863,19,178,28
2240,1864,21,165,25
2241,1865,22,170,25
2242,1866,21,236,27
2243,1867,19,137,27
2244,1868,18,153,28
2245,1869,36,201,10
2246,1473,20,200,29
2247,1870,19,193,27
2248,1767,21,204,27
2249,1871,18,239,28
2250,1872,17,253,29
2251,1873,22,254,25
2252,1874,19,251,27
2253,1875,18,134,29
2254,1876,16,234,31
2255,1877,20,153,26
2256,1878,20,163,26
2257,1879,16,235,30
2258,1880,22,222,25
2259,1881,19,165,27
2260,1882,22,236,26
2261,1883,20,154,27
2262,1884,16,233,30
2263,1885,17,187,29
2264,1886,21,221,25
2265,1887,20,139,26
2266,1888,19,169,27
2267,1889,17,225,29
2268,1890,21,207,25
2269,1891,20,138,27
2270,1892,19,146,28
2271,1893,20,249,26
2272,1894,17,249,29
2273,1895,19,163,27
2274,1896,19,162,28
2275,1897,20,230,27
2276,1898,19,249,27
2277,1899,15,133,31
2278,1900,20,242,27
2279,1448,22,248,27
2280,1901,19,212,29
2281,1902,21,185,25
2282,1903,18,151,28
2283,1904,17,255,29
2284,1905,19,247,27
2285,1906,20,218,27
2286,1907,21,202,26
2287,1908,21,167,25
2288,785,21,128,32
2289,1909,14,191,32
2290,1008,24,136,25
2291,1910,18,146,29
2292,1911,19,143,27
2293,1358,22,140,26
2294,1912,20,253,26
2295,1913,17,227,29
2296,1914,19,220,29
2297,1709,21,172,27
2298,1915,20,245,26
2299,1916,19,209,27
2300,1917,16,157,30
2301,1918,20,165,26
2302,1919,16,142,31
2303,1920,19,189,27
2304,1921,21,254,26
2305,1922,18,143,28
2306,1409,23,180,25
2307,1923,21,219,25
2308,1924,38,244,10
2309,1925,17,171,29
2310,1926,18,241,28
2311,1927,17,212,31
2312,1928,20,222,27
2313,1929,19,217,27
2314,1930,19,154,28
2315,878,26,192,26
2316,1931,20,149,26
2317,1932,17,237,29
2318,1933,20,197,26
2319,1934,14,211,32
2320,1935,19,197,27
2321,1326,20,188,28
2322,1936,37,131,9
2323,1937,22,252,26
2324,1938,18,255,28
2325,1939,17,141,29
2326,1940,20,205,26
2327,1941,20,137,26
2328,1942,19,181,27
2329,1943,19,159,27
2330,1944,18,167,28
2331,1945,13,165,33
2332,1946,16,209,30
2333,1533,21,168,28
2334,1947,19,231,27
2335,1948,19,179,27
2336,1949,18,171,28
2337,1950,21,189,25
2338,1951,19,194,28
2339,1952,16,132,32
2340,1953,10,207,36
2341,1954,19,185,27
2342,1955,18,178,29
2343,1956,18,249,28
2344,929,25,144,25
2345,1957,17,251,29
2346,1958,16,253,30
2347,1959,18,138,29
2348,1960,17,135,29
2349,1961,20,142,27
2350,1962,18,222,29
2351,1080,21,144,29
2352,1740,19,188,29
2353,1963,19,153,27
2354,1964,19,167,27
2355,1965,16,161,30
2356,1458,22,136,27
2357,1966,20,134,27
2358,1967,20,250,27
2359,1968,17,230,30
2360,1952,17,165,29
2361,1865,21,136,28
2362,1969,18,219,28
2363,1970,19,244,29
2364,1971,36,191,10
2365,1972,18,142,29
2366,1973,16,229,30
2367,1974,18,213,28
2368,1975,18,193,28
2369,1976,18,247,28
2370,1977,17,169,29
2371,1978,14,243,32
2372,1979,20,177,26
2373,1511,21,140,27
2374,1980,15,221,31
2375,1484,21,240,29
2376,1981,18,223,28
2377,1853,18,172,30
2378,1982,14,151,32
2379,1983,15,201,31
2380,1918,19,132,29
2381,1984,21,226,26
2382,1985,18,162,29
2383,1986,38,196,10
2384,1611,19,140,29
2385,1987,17,177,29
2386,1988,14,235,32
2387,1989,20,252,28
2388,1990,19,205,27
2389,1229,21,184,28
2390,1991,16,193,30
2391,1992,19,161,27
2392,1537,22,208,28
2393,1993,19,166,28
2394,1994,19,150,28
2395,1995,19,199,27
2396,1996,16,154,31
2397,1997,14,143,32
2398,1998,18,202,29
2399,1999,21,210,26
2400,1278,20,172,28
2401,2000,18,237,28
2402,2001,15,163,31
2403,2002,18,190,29
2404,2003,17,178,30
2405,2004,17,182,30
2406,2005,15,255,31
2407,2006,16,147,30
2408,2007,21,129,25
2409,2008,18,244,30
2410,2009,18,150,29
2411,2010,15,179,31
2412,2011,17,190,30
2413,2012,19,223,27
2414,2013,18,163,28
2415,2014,17,234,30
2416,2015,16,214,31
2417,2016,20,223,26
2418,2017,20,150,27
2419,2018,20,246,27
2420,1469,21,248,28
2421,1764,20,164,28
2422,2019,21,220,27
2423,2020,20,186,27
2424,2021,19,242,28
2425,2022,37,254,10
2426,2023,19,187,27
2427,2024,17,175,29
2428,2025,18,189,28
2429,2026,15,183,31
2430,2027,19,245,27
2431,2028,17,238,30
2432,2029,20,228,28
2433,2030,15,252,33
2434,2031,16,197,30
2435,2032,19,176,31
2436,2033,15,158,32
2437,1841,20,208,30
2438,2034,19,147,27
2439,2035,20,244,28
2440,107,36,195,10
2441,2036,16,237,30
2442,1157,24,192,28
2443,2037,18,227,28
2444,2038,36,219,10
2445,2039,16,222,31
2446,2024,16,140,32
2447,2040,18,185,28
2448,2041,18,145,28
2449,2042,16,245,30
2450,2043,19,211,27
2451,2044,18,246,29
2452,1462,24,160,27
2453,1553,21,188,27
2454,2045,15,166,32
2455,2046,17,140,31
2456,2047,37,234,10
2457,2048,17,245,29
2458,2049,19,222,28
2459,2050,19,158,28
2460,2051,15,161,31
2461,2052,19,177,27
2462,1154,23,224,28
2463,2053,12,177,34
2464,2054,18,229,28
2465,2055,16,225,30
2466,2056,20,130,27
2467,2057,17,242,30
2468,2058,18,149,28
2469,2059,18,214,29
2470,2060,19,254,28
2471,2061,19,198,28
2472,2062,18,147,28
2473,2063,16,158,31
2474,1795,20,152,29
2475,2064,18,199,28
2476,2065,21,228,27
2477,1990,18,164,30
2478,2066,18,157,28
2479,1496,23,176,27
2480,2067,18,177,28
2481,1659,22,176,28
2482,2068,17,221,29
2483,1358,21,224,30
2484,1204,20,216,29
2485,1559,19,180,29
2486,2069,19,134,28
2487,943,25,128,28
2488,2070,15,147,31
2489,2071,18,234,29
2490,2072,19,234,28
2491,2073,19,226,28
2492,2074,17,215,29
2493,2075,19,239,27
2494,1549,21,152,28
2495,2076,17,223,29
2496,2077,15,193,31
2497,2078,15,253,31
2498,2048,16,196,32
2499,2032,20,220,28
2500,2079,18,194,29
2501,2080,16,137,30
2502,2081,16,182,31
2503,2082,20,198,27
2504,2083,16,185,30
2505,2084,16,173,30
2506,2085,15,137,31
2507,2086,18,135,28
2508,2087,17,158,30
2509,2088,18,154,29
2510,2089,38,188,10
2511,2090,16,210,31
2512,2091,20,254,27
2513,2092,13,187,33
2514,2093,19,151,27
2515,2094,18,179,28
2516,2095,16,129,30
2517,2096,15,233,31
2518,2097,13,189,33
2519,2046,18,175,28
2520,2098,16,228,32
2521,2099,17,155,29
2522,2100,18,159,28
2523,1840,18,156,30
2524,2101,20,158,27
2525,2102,18,201,28
2526,1640,20,156,28
2527,1793,17,188,31
2528,2103,17,147,29
2529,2104,15,145,31
2530,1203,25,192,27
2531,2105,14,148,34
2532,2106,18,218,29
2533,2107,18,170,29
2534,2108,13,203,33
2535,2109,18,191,28
2536,2110,17,199,29
2537,2111,41,224,10
2538,2112,16,236,32
2539,2113,16,167,30
2540,2114,17,130,30
2541,2115,18,165,28
2542,1534,19,148,29
2543,1647,22,196,26
2544,2116,17,145,29
2545,2117,16,151,30
2546,2118,14,249,32
2547,2119,18,226,29
2548,2120,16,159,30
2549,2121,17,233,29
2550,2122,19,202,28
2551,2123,17,157,29
2552,2124,17,176,33
2553,2090,15,168,34
2554,2125,16,240,34
2555,2126,13,148,35
2556,2127,17,209,29
2557,2128,17,167,29
2558,1614,19,172,29
2559,2129,14,214,33
2560,2130,18,211,28
2561,2131,36,197,10
2562,2132,19,174,28
2563,2133,38,236,10
2564,2019,20,176,30
2565,2134,17,241,29
2566,2135,11,167,35
2567,2136,18,155,28
2568,2137,19,138,28
2569,1940,19,164,29
2570,2138,18,186,29
2571,2139,36,193,10
2572,2140,19,155,27
2573,2141,15,149,31
2574,2142,16,211,30
2575,2143,13,149,33
2576,2144,16,218,31
2577,2145,17,201,29
2578,1285,23,160,28
2579,2146,14,169,32
2580,2147,17,162,30
2581,2148,17,205,29
2582,2149,16,215,30
2583,2150,19,142,28
2584,1915,19,196,29
2585,2151,36,211,10
2586,2152,17,133,29
2587,2153,18,137,28
2588,2154,17,244,31
2589,2155,19,129,27
2590,2156,15,150,32
2591,1902,20,148,28
2592,2157,20,178,27
2593,2158,16,179,30
2594,2159,19,206,28
2595,2160,18,250,29
2596,2161,18,130,29
2597,2162,36,209,10
2598,2163,37,181,9
2599,2164,36,253,10
2600,2165,19,233,27
2601,1968,16,184,33
2602,2166,12,198,35
2603,2167,16,219,30
2604,2168,17,173,29
2605,2169,16,241,30
2606,2170,15,209,31
2607,1732,19,156,29
2608,2171,37,222,10
2609,2172,14,197,32
2610,1864,20,132,28
2611,1405,22,192,30
2612,1622,18,180,30
2613,2173,18,238,29
2614,2174,17,254,30
2615,2175,13,179,33
2616,2176,16,231,30
2617,2177,14,173,32
2618,2124,18,220,30
2619,1456,21,176,29
2620,2178,18,207,28
2621,2179,17,149,29
2622,2180,18,251,28
2623,1558,19,216,30
2624,2181,17,246,30
2625,2074,16,172,32
2626,2182,14,155,32
2627,2183,18,161,28
2628,1568,22,224,29
2629,2184,15,214,32
2630,1881,18,132,30
2631,2185,17,213,29
2632,1734,20,184,29
2633,1781,20,232,29
2634,2186,20,234,27
2635,2187,18,158,29
2636,2188,16,174,31
2637,2189,17,163,29
2638,1999,20,168,29
2639,2190,40,208,10
2640,2191,16,163,30
2641,2192,16,139,30
2642,2193,18,166,29
2643,2194,16,171,30
2644,2195,16,201,30
2645,2196,17,235,29
2646,2197,17,202,30
2647,2198,9,189,37
2648,2199,16,187,30
2649,2200,19,252,29
2650,2201,19,190,28
2651,2202,18,231,28
2652,2196,16,188,32
2653,2203,13,208,37
2654,2204,17,191,29
2655,2205,17,207,29
2656,2206,37,206,10
2657,2207,15,227,31
2658,2208,14,237,32
2659,2209,19,214,28
2660,2210,16,138,31
2661,2211,14,203,32
2662,2212,14,187,32
2663,2213,18,198,29
2664,2214,15,195,31
2665,2215,16,141,30
2666,2216,14,133,32
2667,2217,16,238,31
2668,1657,17,196,31
2669,1858,18,184,31
2670,2218,16,217,30
2671,2219,18,217,28
2672,2220,17,193,29
2673,2221,18,205,28
2674,2222,14,207,32
2675,2223,38,204,10
2676,2224,17,189,29
2677,2225,17,218,30
2678,2226,21,212,27
2679,2227,14,206,33
2680,2228,17,161,29
2681,1654,20,180,28
2682,2229,17,159,29
2683,2230,18,182,29
2684,2231,15,206,32
2685,2232,16,242,31
2686,2233,13,225,33
2687,1654,19,144,31
2688,2234,15,239,31
2689,2235,17,183,29
2690,2236,15,218,32
2691,2237,15,215,31
2692,2238,15,189,31
2693,1954,18,148,30
2694,2239,19,141,27
2695,1739,18,188,30
2696,2240,39,232,10
2697,2241,13,215,33
2698,2242,20,236,28
2699,2243,36,237,10
2700,2244,17,229,29
2701,2245,37,218,10
2702,2246,14,175,32
2703,2247,17,206,30
2704,2248,18,242,29
2705,2249,17,217,29
2706,1516,18,232,31
2707,2250,36,227,10
2708,2251,17,181,29
2709,2252,16,145,30
2710,1889,16,180,32
2711,2253,14,205,32
2712,2254,16,186,31
2713,2255,19,186,28
2714,2256,15,205,31
2715,2257,18,210,29
2716,2258,19,250,28
2717,2259,13,129,33
2718,2260,17,179,29
2719,2126,14,185,32
2720,2261,15,222,32
2721,1591,19,136,30
2722,2262,13,245,33
2723,2263,15,181,31
2724,2264,16,150,31
2725,2265,16,220,32
2726,2266,16,191,30
2727,2267,17,220,31
2728,2268,16,198,31
2729,2269,16,165,30
2730,2270,17,231,29
2731,2271,15,241,31
2732,2272,16,149,30
2733,2273,16,178,31
2734,2274,16,166,31
2735,2275,15,247,31
2736,2276,15,210,32
2737,2277,17,198,30
2738,1671,19,232,30
2739,2278,16,181,30
2740,1409,22,144,28
2741,2279,11,231,35
2742,2280,17,226,30
2743,2281,15,213,31
2744,2282,16,249,30
2745,1735,20,136,29
2746,2283,17,197,29
2747,2284,16,213,30
2748,2285,15,251,31
2749,2286,17,131,29
2750,2287,14,159,32
2751,2288,14,250,33
2752,2289,16,143,30
2753,245,36,215,10
2754,1528,18,204,30
2755,2290,37,238,10
2756,2291,16,133,30
2757,2292,14,195,32
2758,2293,17,194,30
2759,2294,16,254,31
2760,1879,15,188,33
2761,2295,16,170,31
2762,159,38,220,10
2763,2296,37,246,10
2764,2297,13,177,33
2765,2298,15,169,31
2766,2299,18,230,29
2767,2300,16,230,31
2768,2301,13,143,33
2769,2302,16,226,31
2770,2303,17,166,30
2771,2304,13,159,33
2772,2305,16,203,30
2773,2306,15,141,31
2774,104,38,130,9
2775,2011,16,152,33
2776,2307,36,239,10
2777,2308,9,153,37
2778,785,22,160,29
2779,2309,12,197,34
2780,1967,19,200,30
2781,2310,14,186,33
2782,2311,12,167,34
2783,2312,15,202,32
2784,1776,20,248,29
2785,1436,18,140,30
2786,2313,17,214,30
2787,2314,9,249,37
2788,2315,15,138,32
2789,2316,15,249,31
2790,2317,13,253,33
2791,2318,18,174,29
2792,2319,19,170,28
2793,2320,18,206,29
2794,2321,15,139,31
2795,2148,16,164,32
2796,2322,14,147,32
2797,2323,16,134,31
2798,2324,14,167,32
2799,1093,24,128,29
2800,2325,15,243,31
2801,2149,15,172,33
2802,2326,16,246,31
2803,2125,17,150,30
2804,2327,15,171,31
2805,2328,14,253,32
2806,2042,15,196,33
2807,2105,15,185,31
2808,2329,15,167,31
2809,2330,9,131,37
2810,2331,8,155,38
2811,2332,13,171,33
2812,2333,12,251,34
2813,1462,23,128,30
2814,2334,13,132,35
2815,2335,17,138,30
2816,2336,14,179,32
2817,2337,37,226,10
2818,2338,14,163,32
2819,2140,18,248,31
2820,2339,5,251,41
2821,2340,37,147,9
2822,1216,21,208,29
2823,2341,15,225,31
2824,2342,11,195,35
2825,2343,16,207,30
2826,2344,17,236,31
2827,2345,17,228,31
2828,2346,13,195,33
2829,2347,16,169,30
2830,2348,0,197,46
2831,2349,12,215,34
2832,1643,19,168,30
2833,2350,15,174,32
2834,2351,17,142,30
2835,2352,15,219,31
2836,2353,15,175,31
2837,2354,12,249,34
2838,2355,37,129,9
2839,2115,17,132,31
2840,2041,17,232,32
2841,2356,12,193,34
2842,2357,36,243,10
2843,2358,38,228,10
2844,2359,16,135,30
2845,2360,16,189,30
2846,2361,10,245,36
2847,2362,16,183,30
2848,172,40,240,10
2849,388,37,250,10
2850,2363,13,151,33
2851,2364,12,223,34
2852,2365,36,231,10
2853,2366,15,153,31
2854,1484,20,192,32
2855,2367,15,165,31
2856,2368,15,155,31
2857,2369,16,205,30
2858,2370,16,227,30
2859,2371,9,167,37
2860,2372,16,175,30
2861,2373,15,178,32
2862,1806,18,216,31
2863,2374,13,185,33
2864,2375,17,154,30
2865,2376,15,130,32
2866,1897,19,184,30
2867,2377,18,252,30
2868,1904,16,204,32
2869,2378,11,146,36
2870,2379,13,197,33
2871,2380,18,236,30
2872,2381,13,213,33
2873,2319,18,136,31
2874,2382,12,185,34
2875,2383,15,254,32
2876,2384,12,245,34
2877,2385,16,251,30
2878,2386,38,154,9
2879,2387,16,247,30
2880,2002,17,152,32
2881,2388,14,139,32
2882,2389,14,189,32
2883,2390,15,238,32
2884,2391,17,170,30
2885,2040,17,148,31
2886,2392,16,206,31
2887,2393,18,228,30
2888,2394,15,237,31
2889,2395,11,253,35
2890,2396,14,194,33
2891,2397,8,133,38
2892,2398,14,255,32
2893,2399,17,186,30
2894,2400,13,199,33
2895,2401,17,222,30
2896,2402,16,162,31
2897,2403,15,245,31
2898,2404,16,194,31
2899,2405,12,163,34
2900,2406,15,191,31
2901,2407,17,174,30
2902,2408,17,219,29
2903,2409,12,146,35
2904,2410,15,151,31
2905,2083,15,148,33
2906,2411,14,245,32
2907,2412,13,209,33
2908,1285,22,128,31
2909,2413,16,131,30
2910,2414,14,209,32
2911,1264,20,144,30
2912,2415,16,202,31
2913,2416,15,207,31
2914,2417,15,194,32
2915,2418,15,223,31
2916,2419,12,129,34
2917,2420,15,143,31
2918,2421,13,239,33
2919,2422,13,214,34
2920,2423,13,147,33
2921,2424,14,223,32
2922,2425,15,234,32
2923,2017,19,240,31
2924,2426,38,146,9
2925,71,36,245,10
2926,125,36,235,10
2927,2427,37,151,9
2928,2428,13,181,33
2929,2429,13,135,33
2930,2430,14,178,33
2931,2221,17,164,31
2932,2431,9,143,37
2933,2432,17,210,30
2934,2433,15,199,31
2935,2434,13,238,34
2936,2435,15,203,31
2937,2436,17,239,29
2938,2437,14,149,32
2939,1967,18,160,33
2940,2438,16,177,30
2941,2439,14,181,32
2942,2440,15,170,32
2943,1697,19,224,32
2944,2441,13,139,33
2945,2442,13,154,34
2946,2443,16,153,30
2947,2444,36,223,10
2948,1852,16,200,33
2949,2445,39,132,9
2950,2446,16,244,32
2951,2201,18,152,31
2952,2447,13,234,34
2953,1424,17,172,31
2954,2448,14,215,32
2955,2449,11,153,35
2956,2450,14,254,33
2957,2451,15,131,31
2958,2452,36,241,10
2959,2453,14,199,32
2960,2454,16,155,30
2961,2455,14,213,32
2962,1804,20,160,31
2963,1938,17,204,31
2964,2258,18,200,31
2965,1635,21,160,30
2966,2456,14,171,32
2967,2457,14,219,32
2968,2458,14,190,33
2969,2459,40,152,9
2970,2017,18,192,34
2971,2460,15,226,32
2972,2461,10,133,36
2973,2056,19,208,31
2974,2462,14,177,32
2975,2463,15,146,32
2976,2464,14,141,32
2977,2465,36,233,10
2978,1763,19,248,30
2979,1782,16,156,32
2980,1443,17,180,31
2981,2466,17,146,30
2982,2467,15,135,31
2983,2468,13,237,33
2984,2469,38,134,9
2985,2470,16,223,30
2986,2471,9,238,38
2987,2472,38,252,10
2988,2473,10,179,36
2989,2474,14,238,33
2990,2475,14,152,35
2991,2476,14,150,33
2992,2477,14,242,33
2993,2478,15,242,32
2994,2479,14,129,32
2995,2480,10,143,36
2996,2160,17,200,32
2997,2481,13,173,33
2998,2482,13,186,34
2999,2027,18,196,30
3000,2483,16,130,31
3001,2484,15,200,34
3002,2485,12,237,34
3003,2257,17,168,32
3004,2486,13,133,33
3005,2487,13,167,33
3006,2432,16,168,33
3007,2214,14,156,34
3008,1444,20,240,30
3009,2488,12,203,34
3010,2489,16,146,31
3011,2475,15,190,32
3012,2341,14,180,34
3013,1812,18,208,32
3014,2490,12,255,34
3015,2136,17,248,32
3016,2491,15,129,31
3017,2492,11,155,35
3018,2493,15,246,32
3019,2494,14,229,32
3020,1511,20,224,31
3021,2495,14,145,32
3022,2496,12,149,34
3023,2497,14,157,32
3024,2391,16,136,33
3025,2498,36,251,10
3026,2499,12,211,34
3027,2369,15,164,33
3028,2500,13,250,34
3029,2252,15,232,34
3030,2501,14,182,33
3031,2502,15,236,33
3032,2503,12,214,35
3033,2504,14,176,36
3034,2505,11,213,35
3035,2506,15,229,31
3036,2507,9,154,38
3037,1914,18,176,32
3038,2508,15,154,32
3039,2509,14,251,32
3040,2510,14,218,33
3041,1843,18,168,31
3042,2511,11,255,35
3043,2512,10,177,36
3044,2513,12,157,34
3045,2514,13,183,33
3046,2515,14,230,33
3047,2516,12,153,34
3048,2517,10,138,37
3049,2518,12,175,34
3050,2519,14,162,33
3051,2520,15,187,31
3052,2521,13,182,34
3053,2522,8,154,39
3054,2523,13,251,33
3055,2524,15,186,32
3056,2525,14,246,33
3057,2526,11,235,35
3058,460,38,150,9
3059,2527,14,161,32
3060,2528,14,225,32
3061,2529,13,223,33
3062,2530,14,221,32
3063,2531,11,219,35
3064,2532,12,137,34
3065,2533,12,213,34
3066,2534,12,139,34
3067,2535,14,210,33
3068,2536,11,202,36
3069,2537,15,177,31
3070,2538,13,202,34
3071,1473,19,160,32
3072,2539,12,199,34
3073,2504,15,220,33
3074,2540,11,191,35
3075,2541,15,159,31
3076,2542,12,150,35
3077,1622,17,144,33
3078,2528,13,180,35
3079,2334,14,165,32
3080,2543,13,206,34
3081,2544,13,242,34
3082,2545,13,235,33
3083,2546,12,233,34
3084,2547,13,241,33
3085,2161,17,208,33
3086,2548,13,161,33
3087,2549,14,131,32
3088,1854,15,204,33
3089,1994,18,240,32
3090,2550,12,229,34
3091,2269,15,132,33
3092,2258,17,160,34
3093,2551,14,239,32
3094,2552,15,228,33
3095,2553,13,190,34
3096,2554,13,201,33
3097,2555,14,233,32
3098,2556,10,241,36
3099,2557,14,231,32
3100,2558,38,149,8
3101,2559,37,141,9
3102,2560,37,233,9
3103,2561,38,142,9
3104,2562,38,237,8
3105,2563,38,174,9
3106,2564,38,131,8
3107,522,38,145,8
3108,67,37,235,9
3109,2565,37,229,9
3110,2566,38,206,9
3111,2567,37,201,9
3112,2568,37,231,9
3113,2569,37,153,9
3114,2570,39,206,8
3115,2571,38,151,8
3116,2572,38,137,8
3117,2573,38,166,9
3118,2574,37,189,9
3119,2575,38,158,9
3120,2576,39,129,7
3121,506,37,205,9
3122,2577,37,237,9
3123,419,36,255,10
3124,2578,37,133,9
3125,2579,13,231,33
3126,2580,13,228,35
3127,2581,40,136,9
3128,2582,10,194,37
3129,2583,39,248,10
3130,2584,39,172,9
3131,2585,44,128,9
3132,2586,38,138,9
3133,2587,37,163,9
3134,2588,37,137,9
3135,328,37,225,9
3136,2589,38,139,8
3137,292,38,170,9
3138,269,42,160,9
3139,77,40,200,9
3140,2590,43,192,9
3141,2591,37,179,9
3142,2592,37,143,9
3143,2593,38,218,9
3144,2005,14,204,34
3145,2594,39,164,9
3146,133,37,145,9
3147,2595,40,168,9
3148,2596,8,213,38
3149,2597,37,157,9
3150,2598,41,144,9
3151,2599,36,247,10
3152,2600,36,249,10
3153,2601,37,242,10
3154,2602,37,149,9
3155,2603,37,191,9
3156,2604,39,148,9
3157,489,39,180,9
3158,237,38,210,9
3159,2605,37,139,9
3160,273,37,155,9
3161,2606,14,153,32
3162,2607,12,154,35
3163,265,39,140,9
3164,2608,37,159,9
3165,2440,14,136,35
3166,2609,37,193,9
3167,200,37,185,9
3168,2610,38,198,9
3169,2611,37,169,9
3170,464,39,130,8
3171,2612,38,161,8
3172,146,38,250,9
3173,2613,37,209,9
3174,79,38,190,9
3175,2614,37,211,9
3176,2615,37,199,9
3177,2616,40,132,8
3178,2617,38,214,9
3179,2618,37,167,9
3180,2619,38,226,9
3181,344,37,165,9
3182,2620,37,187,9
3183,2621,38,178,9
3184,353,37,175,9
3185,2622,39,236,9
3186,2623,42,144,8
3187,2624,39,188,9
3188,2625,39,134,8
3189,2626,40,232,9
3190,2627,38,162,9
3191,2628,37,171,9
3192,2629,12,155,34
3193,1742,16,148,32
3194,2630,14,247,32
3195,2631,37,161,9
3196,2632,37,219,9
3197,2633,38,186,9
3198,2634,38,242,9
3199,2454,15,248,34
3200,2635,39,156,9
3201,2636,37,177,9
3202,2637,38,133,8
3203,2638,38,234,9
3204,2639,38,202,9
3205,2640,39,204,9
3206,2641,40,184,9
3207,2642,37,173,9
3208,184,38,135,8
3209,2643,41,176,9
3210,2644,37,183,9
3211,2086,17,216,32
3212,2645,38,194,9
3213,2646,39,244,9
3214,281,38,155,8
3215,176,38,230,9
3216,2647,37,203,9
3217,2648,39,158,8
3218,2649,14,174,33
3219,2535,13,168,36
3220,2650,42,224,9
3221,2651,37,221,9
3222,2652,39,196,9
3223,2653,38,182,9
3224,282,37,195,9
3225,2654,40,164,8
3226,2655,40,156,8
3227,2656,38,238,9
3228,2657,40,216,9
3229,2658,12,130,35
3230,2659,37,223,9
3231,2660,10,203,36
3232,2661,38,246,9
3233,2662,12,141,34
3234,2663,10,226,37
3235,2664,13,191,33
3236,2665,13,142,34
3237,2666,9,193,37
3238,2299,17,184,32
3239,2667,14,244,34
3240,248,40,140,8
3241,2668,41,152,8
3242,2669,39,228,9
3243,2670,38,163,8
3244,2671,37,253,9
3245,1061,40,130,7
3246,2581,41,170,6
3247,2672,41,131,5
3248,2673,39,213,7
3249,2674,39,153,7
3250,2675,43,168,6
3251,2650,43,140,5
3252,2676,46,128,5
3253,692,39,135,7
3254,2677,39,239,7
3255,2678,42,132,6
3256,2679,43,212,5
3257,2680,41,227,5
3258,2681,39,253,7
3259,2682,42,248,7
3260,1551,40,135,6
3261,2683,39,223,7
3262,2684,41,228,7
3263,503,42,200,7
3264,2685,45,192,7
3265,2686,42,148,6
3266,2687,39,131,7
3267,1350,40,230,7
3268,2688,41,244,7
3269,2689,40,151,6
3270,2690,39,241,7
3271,2691,40,173,6
3272,2692,44,144,6
3273,2693,40,159,6
3274,2694,41,142,6
3275,2695,44,224,7
3276,2583,40,155,6
3277,2459,41,190,6
3278,2696,41,252,7
3279,2697,40,189,6
3280,2698,39,249,7
3281,2190,41,130,6
3282,2699,40,211,6
3283,1690,39,215,7
3284,2700,41,138,6
3285,2701,39,167,7
3286,1360,44,160,7
3287,2702,41,137,5
3288,2703,46,136,1
3289,2704,38,221,8
3290,2705,45,224,6
3291,2706,39,163,7
3292,2707,39,198,8
3293,2708,40,202,7
3294,2709,42,156,6
3295,1762,43,240,7
3296,2710,40,218,7
3297,2711,41,134,6
3298,2712,39,211,7
3299,2713,39,181,7
3300,2714,41,232,8
3301,265,40,175,6
3302,2715,39,189,7
3303,2716,40,166,7
3304,2717,41,242,6
3305,2718,40,226,7
3306,2719,42,232,7
3307,2720,40,254,7
3308,2721,40,238,7
3309,2722,39,233,7
3310,2723,39,251,7
3311,2724,40,154,7
3312,2725,40,161,6
3313,2726,41,146,6
3314,2727,46,128,6
3315,2728,45,188,3
3316,2729,40,222,7
3317,1986,39,245,7
3318,2730,40,169,6
3319,2731,40,143,6
3320,2732,42,164,6
3321,2733,41,202,6
3322,2734,43,136,6
3323,2735,44,176,6
3324,2736,40,242,7
3325,2737,39,187,7
3326,2738,46,192,6
3327,2739,40,246,7
3328,2740,41,198,6
3329,2741,40,141,6
3330,2742,40,251,6
3331,2743,41,132,7
3332,2744,43,213,3
3333,2745,39,177,7
3334,2445,40,165,6
3335,2746,40,153,6
3336,2747,40,183,6
3337,2748,39,243,7
3338,2111,42,140,6
3339,2749,40,234,7
3340,2750,42,208,8
3341,590,43,160,8
3342,2751,45,128,8
3343,2752,39,154,8
3344,2753,13,227,33
3345,2754,13,146,34
3346,2755,15,142,32
3347,280,39,220,9
3348,2756,37,213,9
3349,2757,14,166,33
3350,2758,40,253,6
3351,2759,40,204,8
3352,1521,39,195,7
3353,2760,40,171,6
3354,2761,40,134,7
3355,2762,38,199,8
3356,2763,38,159,8
3357,2764,42,188,6
3358,2765,39,227,7
3359,2766,37,217,9
3360,1352,40,210,7
3361,1288,39,205,7
3362,2767,39,183,7
3363,2768,40,214,7
3364,348,38,215,8
3365,2769,40,182,7
3366,2770,41,223,5
3367,2771,39,203,7
3368,2772,39,207,7
3369,1303,39,185,7
3370,1331,39,155,7
3371,2773,39,229,7
3372,2774,41,148,7
3373,2775,39,219,7
3374,2776,41,178,6
3375,2777,38,193,8
3376,2598,42,180,6
3377,2778,41,147,5
3378,2240,40,145,6
3379,2779,39,191,7
3380,1349,41,220,7
3381,2780,39,197,7
3382,2781,38,197,8
3383,2782,40,133,6
3384,2783,39,202,8
3385,558,38,225,8
3386,895,41,140,7
3387,2784,39,142,8
3388,2089,39,235,7
3389,2785,39,157,7
3390,2786,39,193,7
3391,2787,41,236,7
3392,2788,39,169,7
3393,2789,39,201,7
3394,76,39,175,7
3395,2790,38,213,8
3396,1306,39,165,7
3397,2791,40,178,7
3398,3,40,150,7
3399,2792,40,206,7
3400,2793,40,131,6
3401,2794,39,234,8
3402,2795,41,206,6
3403,2796,41,164,7
3404,1346,41,180,7
3405,2797,40,129,6
3406,1309,40,170,7
3407,2798,11,151,35
3408,246,37,245,9
3409,2799,39,252,9
3410,2800,40,248,9
3411,65,37,255,9
3412,2801,41,168,8
3413,2802,40,148,8
3414,2803,41,136,8
3415,2804,39,138,8
3416,2805,37,197,9
3417,2806,38,254,9
3418,209,37,215,9
3419,2807,41,208,9
3420,2808,15,134,32
3421,2809,39,146,8
3422,2810,37,239,9
3423,2811,13,145,33
3424,2812,37,227,9
3425,2813,38,129,8
3426,2814,11,234,36
3427,2815,12,165,34
3428,2816,39,212,9
3429,2817,37,207,9
3430,2818,37,243,9
3431,2819,13,138,34
3432,2820,14,170,33
3433,2821,13,137,33
3434,2822,14,201,32
3435,2823,15,212,33
3436,2824,12,171,34
3437,2448,13,172,35
3438,2467,14,216,35
3439,2403,14,196,34
3440,2825,15,230,32
3441,2826,14,227,32
3442,2827,10,211,36
3443,2828,13,217,33
3444,1443,16,144,34
3445,2829,13,162,34
3446,2825,14,184,35
3447,2830,11,228,37
3448,2831,11,157,35
3449,2832,10,178,37
3450,2833,14,158,33
3451,2834,13,175,33
3452,2835,14,138,33
3453,2836,15,157,31
3454,2837,13,134,34
3455,2838,11,179,35
3456,2839,10,157,36
3457,2840,13,141,33
3458,2841,38,147,8
3459,2842,37,251,9
3460,2843,37,247,9
3461,2844,37,249,9
3462,99,39,150,8
3463,2845,38,141,8
3464,2846,38,222,9
3465,2847,38,153,8
3466,547,41,240,9
3467,2848,38,157,8
3468,2849,39,162,8
3469,2850,42,176,8
3470,2851,39,186,8
3471,2852,38,143,8
3472,2853,38,191,8
3473,2854,46,128,7
3474,2855,39,174,8
3475,2856,44,192,8
3476,2857,39,166,8
3477,2858,38,183,8
3478,2859,37,241,9
3479,2860,39,151,7
3480,505,38,165,8
3481,2861,38,173,8
3482,2862,44,168,5
3483,322,38,175,8
3484,2863,38,187,8
3485,2864,39,222,8
3486,142,39,170,8
3487,2865,39,139,7
3488,2866,38,169,8
3489,2867,39,147,7
3490,2868,39,149,7
3491,2869,39,182,8
3492,199,38,185,8
3493,2870,42,136,7
3494,2871,38,167,8
3495,2872,39,217,7
3496,2626,41,145,5
3497,2873,39,159,7
3498,2874,41,151,5
3499,2875,38,179,8
3500,2876,44,136,5
3501,359,39,225,7
3502,2877,38,253,8
3503,2878,38,231,8
3504,2879,40,162,7
3505,2880,39,247,7
3506,2881,40,203,6
3507,2882,40,149,6
3508,2883,42,204,6
3509,2884,41,172,7
3510,2885,40,177,6
3511,77,41,250,6
3512,2886,43,152,6
3513,2223,39,255,7
3514,2887,42,172,6
3515,2888,43,208,7
3516,2889,38,177,8
3517,2890,43,245,3
3518,2891,39,137,7
3519,2892,41,209,5
3520,2893,40,139,6
3521,2894,40,198,7
3522,331,39,230,8
3523,2895,40,188,8
3524,2896,41,204,7
3525,2897,39,161,7
3526,2898,38,189,8
3527,2899,40,137,6
3528,2900,41,216,8
3529,2901,39,237,7
3530,2902,41,162,6
3531,2903,40,217,6
3532,2643,42,220,6
3533,2904,40,197,6
3534,2905,39,209,7
3535,2906,41,186,6
3536,2907,40,213,6
3537,2908,41,149,5
3538,2909,42,198,5
3539,2910,39,199,7
3540,2911,40,167,6
3541,2912,40,209,6
3542,2913,13,178,34
3543,2914,13,230,34
3544,2915,15,182,32
3545,2916,12,209,34
3546,2917,10,217,36
3547,2918,38,171,8
3548,2919,41,154,6
3549,2920,41,194,6
3550,172,41,150,6
3551,2921,40,146,7
3552,2922,38,209,8
3553,2923,40,236,8
3554,1483,40,190,7
3555,2924,40,138,7
3556,605,38,255,8
3557,2925,38,249,8
3558,2926,43,176,7
3559,2927,38,203,8
3560,2928,42,184,7
3561,2929,41,188,7
3562,2930,42,168,7
3563,2931,42,152,7
3564,2932,39,221,7
3565,2933,38,229,8
3566,2934,41,184,8
3567,2935,40,227,6
3568,2936,41,212,7
3569,426,39,145,7
3570,2937,39,133,7
3571,2938,39,141,7
3572,2939,40,196,8
3573,2940,39,179,7
3574,2941,38,207,8
3575,2942,39,173,7
3576,2943,39,246,8
3577,316,41,200,8
3578,2944,39,231,7
3579,2945,17,252,31
3580,2946,10,221,36
3581,2367,14,132,34
3582,2114,16,208,34
3583,2300,15,184,34
3584,2947,14,202,33
3585,2458,13,152,36
3586,2948,12,221,34
3587,1789,15,156,33
3588,2949,12,161,34
3589,2950,12,147,34
3590,2951,12,201,34
3591,490,39,210,8
3592,2952,14,234,33
3593,2953,12,145,34
3594,2484,16,250,31
3595,2954,10,162,37
3596,2955,13,169,33
3597,2956,11,251,35
3598,2957,11,190,36
3599,2958,14,200,35
3600,2959,11,241,35
3601,2960,10,253,36
3602,2156,14,240,36
3603,2961,12,138,35
3604,2962,11,147,35
3605,2963,13,158,34
3606,2964,11,221,35
3607,2965,11,141,35
3608,2966,40,172,8
3609,2967,39,194,8
3610,2968,38,217,8
3611,2969,45,176,5
3612,2970,39,178,8
3613,2971,42,182,5
3614,2972,42,166,5
3615,2973,42,212,6
3616,2974,42,134,5
3617,2975,41,234,6
3618,2976,40,163,6
3619,2977,38,239,8
3620,2978,44,152,5
3621,2979,40,247,6
3622,668,40,220,8
3623,2980,41,157,5
3624,2981,41,161,5
3625,2982,41,156,7
3626,2,40,250,7
3627,2983,42,216,7
3628,2984,46,192,5
3629,2616,41,165,5
3630,2985,41,182,6
3631,2986,41,153,5
3632,2987,43,148,5
3633,2988,41,183,5
3634,2989,40,174,7
3635,2990,45,142,2
3636,2991,41,196,7
3637,2160,16,160,35
3638,2992,8,241,38
3639,2993,40,212,8
3640,2635,40,195,6
3641,2994,41,218,6
3642,2995,40,252,8
3643,2996,40,244,8
3644,2997,41,159,5
3645,2998,39,214,8
3646,2999,40,181,6
3647,3000,40,157,6
3648,3001,40,194,7
3649,3002,40,186,7
3650,2276,14,168,35
3651,302,40,180,8
3652,478,38,195,8
3653,3003,38,233,8
3654,3004,39,238,8
3655,3005,38,219,8
3656,3006,38,181,8
3657,3007,43,224,8
3658,1611,18,224,33
3659,3008,15,231,31
3660,3009,13,254,34
3661,3010,11,249,35
3662,3011,11,139,35
3663,3012,16,252,32
3664,3013,10,169,36
3665,3014,11,243,35
3666,3015,12,190,35
3667,3016,5,145,41
3668,2160,15,128,38
3669,3017,14,226,33
3670,3018,11,211,35
3671,123,39,190,8
3672,3019,39,143,7
3673,3020,43,144,7
3674,3021,39,218,8
3675,248,41,175,5
3676,2640,40,255,6
3677,3022,43,216,6
3678,3023,44,162,3
3679,3024,38,201,8
3680,3025,10,247,36
3681,3026,13,155,33
3682,3027,13,163,33
3683,2641,41,230,6
3684,3028,39,254,8
3685,3029,38,227,8
3686,3030,41,141,5
3687,3031,41,174,6
3688,3032,46,224,5
3689,3033,12,227,34
3690,3034,10,147,36
3691,3035,8,209,38
3692,3036,38,223,8
3693,3037,14,183,32
3694,2958,15,250,32
3695,3038,13,244,35
3696,3039,12,173,34
3697,1744,14,188,34
3698,3040,9,155,37
3699,3041,10,141,36
3700,3042,12,170,35
3701,3043,9,231,37
3702,1444,19,192,33
3703,3044,11,183,35
3704,3045,11,207,35
3705,3046,11,201,35
3706,3047,16,212,32
3707,2107,17,136,32
3708,3048,11,187,35
3709,3049,14,222,33
3710,162,39,250,8
3711,3050,40,142,7
3712,3051,40,158,7
3713,3052,40,231,6
3714,3053,41,133,5
3715,3054,43,132,5
3716,3055,41,189,5
3717,3056,42,174,5
3718,3057,41,217,5
3719,3058,42,186,5
3720,3059,41,139,5
3721,3060,41,233,5
3722,3061,40,229,6
3723,3062,42,244,6
3724,3063,42,142,5
3725,3064,41,203,5
3726,3065,40,191,6
3727,3066,42,237,4
3728,3067,41,129,5
3729,3068,40,187,6
3730,3069,42,228,6
3731,3070,42,236,6
3732,302,41,225,5
3733,2803,42,170,5
3734,3071,43,138,4
3735,3072,42,146,5
3736,3073,44,232,5
3737,3007,44,140,4
3738,3074,41,193,5
3739,2966,41,215,5
3740,3075,42,138,5
3741,547,42,150,5
3742,3076,40,147,6
3743,3077,40,249,6
3744,3078,40,201,6
3745,3079,43,232,6
3746,3080,41,201,5
3747,3081,45,146,2
3748,2585,45,160,6
3749,3082,38,247,8
3750,500,42,240,8
3751,2590,44,240,6
3752,3083,7,222,40
3753,3084,12,174,35
3754,898,38,245,8
3755,3085,14,137,32
3756,3086,11,206,36
3757,2099,16,248,33
3758,3087,14,217,32
3759,3088,14,198,33
3760,3089,10,237,36
3761,2341,13,144,37
3762,3090,41,248,8
3763,3091,39,242,8
3764,3092,38,243,8
3765,3093,41,254,6
3766,3094,39,171,7
3767,3095,44,208,6
3768,2584,40,215,6
3769,3096,44,158,3
3770,3097,41,246,6
3771,3098,41,166,6
3772,3099,43,184,6
3773,2657,41,135,5
3774,3100,42,154,5
3775,3101,46,144,4
3776,3102,43,157,3
3777,3103,43,249,3
3778,3104,42,158,5
3779,2800,41,155,5
3780,3105,41,226,6
3781,3106,38,211,8
3782,3107,40,228,8
3783,3108,40,207,6
3784,3109,40,243,6
3785,108,38,205,8
3786,3110,12,169,34
3787,3111,11,210,36
3788,3112,10,180,38
3789,2545,12,188,36
3790,3113,10,173,36
3791,1960,16,216,33
3792,3114,12,225,34
3793,2237,14,172,34
3794,3115,13,255,33
3795,3116,38,251,8
3796,3117,42,226,5
3797,3118,40,223,6
3798,3119,41,214,6
3799,3120,44,154,3
3800,3121,40,199,6
3801,2624,40,235,6
3802,3122,42,141,4
3803,3123,12,205,34
3804,3124,11,200,38
3805,3125,40,179,6
3806,3126,40,193,6
3807,3127,44,216,5
3808,3128,13,194,34
3809,922,38,235,8
3810,3129,39,226,8
3811,2483,15,208,35
3812,3130,13,193,33
3813,3131,11,161,35
3814,3132,13,219,33
3815,3133,13,150,34
3816,3134,11,244,37
3817,3135,11,198,36
3818,2267,16,176,34
3819,2009,17,240,33
3820,3136,12,183,34
3821,3137,5,154,42
3822,3138,13,229,33
3823,3139,9,158,38
3824,3140,11,217,35
3825,2353,14,140,34
3826,3141,8,131,38
3827,3142,42,234,5
3828,3143,41,191,5
3829,316,42,250,5
3830,3144,41,213,5
3831,2890,42,196,6
3832,3145,10,191,36
3833,3146,13,226,34
3834,3147,41,158,6
3835,3148,45,144,5
3836,3149,11,250,36
3837,2116,16,232,33
3838,3150,38,241,8
3839,2256,14,164,34
3840,3151,13,211,33
3841,3152,9,161,37
3842,3153,10,134,37
3843,3154,9,213,37
3844,3155,13,157,33
3845,3156,8,173,38
3846,1994,17,192,35
3847,2055,15,180,33
3848,3157,42,246,5
3849,2604,40,185,6
3850,3158,40,239,6
3851,3159,9,175,37
3852,2815,11,132,37
3853,3160,6,147,40
3854,3161,12,159,34
3855,3162,13,131,33
3856,1834,15,152,34
3857,3163,13,246,34
3858,3164,14,134,33
3859,1967,17,128,36
3860,3165,9,195,37
3861,3166,12,212,36
3862,3167,10,137,36
3863,3168,11,215,35
3864,3169,10,149,36
3865,3170,14,154,33
3866,3171,44,148,4
3867,3172,41,249,5
3868,3173,43,198,4
3869,3174,44,196,4
3870,3175,10,198,37
3871,3176,43,196,5
3872,3177,43,156,5
3873,3178,8,253,38
3874,3179,14,146,33
3875,3180,13,207,33
3876,3181,11,175,35
3877,3182,13,233,33
3878,3183,13,249,33
3879,3184,12,231,34
3880,2958,13,160,38
3881,1945,12,132,36
3882,3185,14,193,32
3883,3186,11,165,35
3884,3187,13,166,34
3885,3188,41,163,5
3886,3189,43,164,5
3887,3190,44,166,3
3888,3191,42,137,4
3889,3192,41,222,6
3890,3193,12,254,35
3891,3194,11,197,35
3892,3195,13,210,34
3893,2900,42,135,4
3894,3196,41,143,5
3895,3197,40,237,6
3896,3198,42,252,6
3897,3199,41,237,5
3898,3200,11,138,36
3899,3201,45,208,5
3900,3202,9,129,37
3901,3203,13,236,35
3902,3204,12,239,34
3903,3205,8,238,39
3904,3206,12,236,36
3905,3207,12,253,34
3906,2429,12,216,37
3907,3208,12,143,34
3908,3209,11,163,35
3909,3210,12,247,34
3910,3211,13,247,33
3911,489,40,225,6
3912,3212,11,186,36
3913,3213,11,177,35
3914,3214,12,134,35
3915,3215,12,217,34
3916,3216,12,238,35
3917,269,43,200,6
3918,3217,40,219,6
3919,2594,40,205,6
3920,2654,41,205,5
3921,3218,9,139,37
3922,3219,14,220,34
3923,3220,11,171,35
3924,3221,11,230,36
3925,3222,10,219,36
3926,2372,15,140,33
3927,1889,15,144,35
3928,3223,13,222,34
3929,3224,10,159,36
3930,3225,43,161,3
3931,3226,6,183,40
3932,3227,40,241,6
3933,3228,15,244,33
3934,3229,40,233,6
3935,3230,42,129,4
3936,2595,41,210,6
3937,2104,14,232,35
3938,3231,9,253,37
3939,3232,9,185,37
3940,1988,13,188,35
3941,3233,12,235,34
3942,3234,9,252,39
3943,2500,11,160,40
3944,3235,41,238,6
3945,2751,46,160,5
3946,3236,43,248,6
3947,2807,42,130,5
3948,3237,40,221,6
3949,590,44,200,5
3950,3238,43,166,4
3951,2652,40,245,6
3952,3239,12,195,34
3953,3240,10,242,37
3954,2982,42,195,4
3955,3241,43,204,5
3956,3242,41,173,5
3957,3243,42,162,5
3958,3244,41,197,5
3959,3245,41,211,5
3960,3246,41,169,5
3961,3247,41,177,5
3962,3248,43,146,4
3963,3249,43,172,5
3964,3250,42,231,4
3965,3251,42,194,5
3966,2668,42,190,5
3967,3252,41,171,5
3968,3253,12,136,37
3969,3254,12,178,35
3970,3255,13,174,34
3971,3256,12,151,34
3972,3257,12,135,34
3973,3258,41,179,5
3974,3259,42,187,4
3975,3260,42,218,5
3976,3261,46,176,3
3977,2384,11,196,37
3978,3262,8,237,38
3979,3263,41,181,5
3980,2934,42,230,5
3981,3264,41,253,5
3982,2802,41,185,5
3983,2655,41,195,5
3984,2888,44,130,3
3985,3265,9,173,37
3986,3266,10,154,37
3987,1436,17,224,34
3988,3267,11,129,35
3989,3268,15,162,32
3990,3040,8,248,41
3991,3269,43,252,5
3992,3270,12,220,36
3993,2264,15,240,35
3994,2203,14,130,33
3995,3271,44,164,4
3996,3272,43,244,5
3997,3273,42,178,5
3998,3274,41,241,5
3999,3275,42,133,4
4000,2850,43,220,5
4001,2870,43,170,4
4002,2623,43,180,5
4003,3276,42,207,4
4004,2895,41,235,5
4005,3277,41,167,5
4006,3278,42,131,4
4007,3279,44,184,5
4008,3280,42,183,4
4009,3281,41,247,5
4010,3282,43,236,5
4011,1346,42,225,4
4012,2854,47,160,4
4013,3283,46,176,4
4014,500,43,150,4
4015,3284,42,206,5
4016,3285,41,199,5
4017,3286,43,188,5
4018,2759,41,255,5
4019,3287,43,191,3
4020,3288,43,158,4
4021,3289,42,202,5
4022,3020,44,180,4
4023,2939,41,245,5
4024,3022,44,135,2
4025,3290,42,167,4
4026,3291,41,207,5
4027,3292,42,143,4
4028,3293,12,234,35
4029,3294,6,145,40
4030,3295,14,212,34
4031,3296,12,202,35
4032,3297,8,245,38
4033,3298,13,221,33
4034,2292,13,156,35
4035,3299,11,226,36
4036,2515,13,184,36
4037,3300,46,128,3
4038,3301,12,246,35
4039,3302,42,151,4
4040,3303,9,254,38
4041,3304,13,130,34
4042,2896,42,255,4
4043,2801,42,210,5
4044,2750,43,130,4
4045,3305,44,172,4
4046,3306,42,139,4
4047,3307,43,186,4
4048,3308,42,209,4
4049,3309,44,156,4
4050,3310,43,246,4
4051,3311,42,173,4
4052,3312,42,181,4
4053,3313,41,231,5
4054,3314,42,238,5
4055,3315,42,211,4
4056,3316,41,243,5
4057,3317,42,177,4
4058,3318,42,217,4
4059,3319,41,221,5
4060,3320,41,187,5
4061,3321,44,188,4
4062,3322,42,149,4
4063,3323,44,186,3
4064,3324,41,219,5
4065,3325,41,251,5
4066,3326,43,217,3
4067,3327,42,229,4
4068,3328,44,248,5
4069,3329,42,227,4
4070,3330,43,174,4
4071,3331,42,171,4
4072,3332,42,214,5
4073,3333,43,202,4
4074,3334,12,158,35
4075,3335,13,205,33
4076,3336,8,189,38
4077,3337,12,189,34
4078,3338,10,186,37
4079,3339,9,135,37
4080,3340,42,222,5
4081,3341,42,161,4
4082,3342,44,194,3
4083,2856,45,240,5
4084,3343,44,228,4
4085,3344,42,147,4
4086,3345,43,226,4
4087,3346,42,213,4
4088,2695,45,140,3
4089,3347,42,242,5
4090,895,42,175,4
4091,2774,42,185,4
4092,3348,46,144,3
4093,3349,43,228,5
4094,3350,44,252,4
4095,3351,42,153,4
4096,3352,41,229,5
4097,3353,42,189,4
4098,3354,46,136,3
4099,3355,42,241,4
4100,3356,43,194,4
4101,3357,42,179,4
4102,3358,41,239,5
4103,3359,42,199,4
4104,2743,42,165,4
4105,3360,43,134,4
4106,3361,42,197,4
4107,3362,44,244,4
4108,3363,42,157,4
4109,2930,43,210,4
4110,3032,47,140,1
4111,3364,42,163,4
4112,3365,42,254,5
4113,3366,43,154,4
4114,2796,42,205,4
4115,3367,44,132,4
4116,3368,45,216,4
4117,3369,43,242,4
4118,3370,46,192,3
4119,3371,45,136,4
4120,3372,45,168,4
4121,3373,43,179,3
4122,3374,44,236,4
4123,3375,46,152,3
4124,3376,43,162,4
4125,3377,43,218,4
4126,3378,42,251,4
4127,3379,12,133,34
4128,3380,8,233,38
4129,2374,12,148,36
4130,3381,9,163,37
4131,3382,11,205,35
4132,3383,11,145,35
4133,3384,46,128,4
4134,3385,43,231,3
4135,3386,45,148,3
4136,3090,42,155,4
4137,3387,46,208,4
4138,3388,43,129,3
4139,3389,46,224,4
4140,3390,46,208,3
4141,3391,42,169,4
4142,3392,43,214,4
4143,2983,43,135,3
4144,3393,42,159,4
4145,3394,43,171,3
4146,3395,42,233,4
4147,2682,43,155,3
4148,3396,46,192,4
4149,3397,43,234,4
4150,3398,45,156,3
4151,2928,43,230,4
4152,3399,43,167,3
4153,2714,42,145,4
4154,3400,45,232,4
4155,3401,43,142,4
4156,3402,43,178,4
4157,2685,46,240,4
4158,3403,43,141,3
4159,3404,43,182,4
4160,3405,45,152,4
4161,3406,43,139,3
4162,2884,42,215,4
4163,3407,42,247,4
4164,3408,45,204,3
4165,3409,44,204,4
4166,3410,44,234,3
4167,2719,43,145,3
4168,3411,46,184,3
4169,3412,5,254,42
4170,3413,10,255,36
4171,3414,11,131,35
4172,3415,11,166,36
4173,3181,10,140,38
4174,3416,44,146,3
4175,1762,44,150,3
4176,2931,43,190,4
4177,3079,44,145,2
4178,503,43,250,4
4179,3417,44,202,3
4180,3418,43,187,3
4181,3419,46,148,2
4182,3420,42,191,4
4183,3421,42,201,4
4184,2678,43,165,3
4185,3422,43,159,3
4186,3423,45,164,3
4187,3424,42,253,4
4188,3425,44,157,2
4189,3426,44,222,3
4190,3427,45,212,3
4191,3428,43,193,3
4192,3429,43,181,3
4193,3430,44,138,3
4194,3431,44,142,3
4195,3432,44,134,3
4196,3433,42,193,4
4197,3434,43,131,3
4198,3435,42,203,4
4199,2735,45,220,3
4200,3436,43,153,3
4201,3437,45,184,4
4202,3438,43,147,3
4203,3439,43,137,3
4204,3440,44,212,4
4205,3441,43,197,3
4206,3442,42,243,4
4207,3443,45,172,3
4208,3444,45,132,3
4209,3445,44,139,2
4210,3446,43,133,3
4211,3447,44,177,2
4212,3448,43,222,4
4213,3449,43,211,3
4214,3450,42,223,4
4215,2727,47,160,3
4216,3451,43,143,3
4217,3452,11,149,35
4218,3453,12,210,35
4219,3454,12,181,34
4220,3455,11,242,36
4221,3456,12,242,35
4222,3457,43,219,3
4223,3458,46,224,3
4224,3459,44,167,2
4225,3460,43,163,3
4226,3461,44,182,3
4227,3462,44,129,2
4228,3463,45,248,4
4229,3464,43,169,3
4230,2705,46,140,2
4231,3465,42,219,4
4232,2675,44,210,3
4233,3466,44,213,2
4234,3467,43,206,4
4235,3468,43,238,4
4236,3469,44,218,3
4237,3470,43,229,3
4238,3471,46,168,3
4239,3472,43,223,3
4240,3473,43,149,3
4241,3474,45,174,2
4242,3475,44,226,3
4243,2111,43,175,3
4244,3476,45,228,3
4245,3477,44,246,3
4246,3478,44,178,3
4247,3479,42,221,4
4248,3480,46,204,2
4249,3481,46,156,2
4250,3482,46,152,2
4251,3483,43,227,3
4252,3484,46,132,2
4253,2991,42,245,4
4254,2886,44,190,3
4255,2887,43,215,3
4256,3485,43,173,3
4257,3486,42,239,4
4258,2585,46,200,3
4259,3487,42,249,4
4260,3488,43,207,3
4261,3489,44,149,2
4262,1360,45,200,4
4263,2926,44,220,4
4264,2709,43,195,3
4265,3490,43,203,3
4266,3491,44,174,3
4267,3492,44,141,2
4268,3493,43,254,4
4269,3494,44,198,3
4270,3177,44,195,2
4271,3495,43,199,3
4272,3496,43,177,3
4273,3497,43,221,3
4274,2969,46,220,2
4275,3498,44,159,2
4276,3499,45,194,2
4277,3500,13,153,33
4278,3501,9,165,37
4279,3502,9,149,37
4280,2359,15,216,34
4281,3503,10,155,36
4282,3504,9,141,37
4283,3505,12,218,35
4284,3506,45,244,3
4285,3507,44,254,3
4286,3508,44,197,2
4287,2764,43,235,3
4288,3509,45,196,3
4289,3510,43,201,3
4290,3511,44,147,2
4291,3512,45,206,2
4292,3513,44,242,3
4293,3099,44,230,3
4294,3514,46,232,3
4295,3515,44,219,2
4296,3516,45,236,3
4297,3517,44,206,3
4298,2623,44,225,2
4299,3518,46,192,2
4300,2987,44,185,2
4301,3519,44,143,2
4302,2734,44,170,3
4303,3520,46,136,2
4304,2692,45,180,3
4305,3521,43,237,3
4306,2732,43,205,3
4307,3522,43,151,3
4308,3523,44,238,3
4309,3095,45,130,2
4310,3524,46,216,3
4311,3525,45,162,2
4312,2676,47,160,2
4313,2929,42,235,4
4314,3526,43,253,3
4315,3527,45,149,1
4316,3528,43,209,3
4317,3529,43,189,3
4318,3530,45,218,2
4319,3531,9,245,37
4320,3532,9,233,37
4321,2241,12,172,36
4322,2233,12,180,36
4323,3533,44,209,2
4324,3534,44,137,2
4325,3535,45,158,2
4326,3536,44,211,2
4327,3537,44,151,2
4328,3538,45,129,1
4329,3539,44,133,2
4330,3540,44,163,2
4331,3541,46,176,2
4332,3542,44,131,2
4333,3176,44,245,2
4334,3543,45,166,2
4335,3544,45,252,3
4336,3545,45,143,1
4337,269,44,250,3
4338,3546,45,134,2
4339,3249,44,215,2
4340,3547,43,247,3
4341,3548,46,158,1
4342,3549,46,172,2
4343,3550,44,223,2
4344,3551,44,201,2
4345,3552,45,178,2
4346,3553,45,187,1
4347,3554,45,139,1
4348,3201,46,130,1
4349,3555,44,173,2
4350,2686,43,185,3
4351,3556,44,237,2
4352,3557,44,153,2
4353,2738,47,240,3
4354,3558,46,164,2
4355,3054,44,165,2
4356,3559,43,239,3
4357,2598,43,225,3
4358,2883,43,255,3
4359,3560,46,144,2
4360,3241,44,255,2
4361,3561,44,191,2
4362,3562,46,188,2
4363,3563,45,138,2
4364,3564,45,137,1
4365,3565,43,233,3
4366,3566,46,128,2
4367,3567,44,169,2
4368,3568,45,154,2
4369,3101,47,180,1
4370,3569,43,183,3
4371,3570,46,168,2
4372,3571,44,179,2
4373,3572,44,217,2
4374,3573,45,191,1
4375,2650,44,175,2
4376,3574,45,179,1
4377,3575,44,187,2
4378,3576,46,248,3
4379,3577,43,251,3
4380,2295,15,136,34
4381,3578,7,217,39
4382,2009,16,192,36
4383,3579,11,182,36
4384,3580,11,135,35
4385,3581,12,166,35
4386,3582,10,181,36
4387,3583,44,171,2
4388,3584,46,212,2
4389,3585,45,133,1
4390,3586,45,202,2
4391,3587,46,228,2
4392,3588,45,234,2
4393,3589,45,161,1
4394,3590,46,208,2
4395,3591,45,238,2
4396,3592,44,233,2
4397,3593,45,177,1
4398,3594,44,239,2
4399,3595,45,222,2
4400,2978,45,190,2
4401,3596,44,203,2
4402,3597,46,232,2
4403,3598,44,189,2
4404,3599,44,231,2
4405,3600,45,209,1
4406,3601,46,138,1
4407,2984,47,240,2
4408,3602,45,241,1
4409,3603,45,183,1
4410,3604,46,172,1
4411,3605,46,224,2
4412,3606,44,207,2
4413,2876,45,170,2
4414,3607,43,243,3
4415,3608,46,168,1
4416,3609,46,236,2
4417,3610,46,152,1
4418,3286,44,235,2
4419,3611,46,132,1
4420,3612,46,148,1
4421,3613,44,221,2
4422,3614,46,216,2
4423,3615,46,244,2
4424,3616,44,241,2
4425,3617,45,246,2
4426,3328,45,155,1
4427,3618,46,128,1
4428,3619,44,229,2
4429,3620,45,214,2
4430,2862,45,210,2
4431,3621,44,251,2
4432,3622,44,193,2
4433,3623,46,196,2
4434,3624,45,198,2
4435,3625,43,241,3
4436,3626,45,243,1
4437,2751,47,200,2
4438,3236,44,155,2
4439,3148,46,180,2
4440,3627,45,242,2
4441,3628,46,146,1
4442,3279,45,230,2
4443,3629,45,141,1
4444,3630,46,178,1
4445,3631,45,182,2
4446,3372,46,210,1
4447,3632,44,253,2
4448,3633,44,227,2
4449,3634,14,252,34
4450,3635,13,252,35
4451,3636,9,140,39
4452,3382,10,164,38
4453,3637,9,145,37
4454,3638,9,207,37
4455,3639,12,206,35
4456,3640,46,154,1
4457,3127,45,135,1
4458,3641,45,157,1
4459,2856,46,150,1
4460,3642,46,176,1
4461,3643,45,153,1
4462,3644,46,166,1
4463,3645,46,204,1
4464,3646,45,163,1
4465,3189,44,205,2
4466,3647,45,151,1
4467,590,45,250,2
4468,3648,45,147,1
4469,3649,46,164,1
4470,3650,46,226,1
4471,3651,46,252,2
4472,3652,44,161,2
4473,3653,46,142,1
4474,3654,46,136,0
4475,3367,45,165,1
4476,3007,45,175,1
4477,3655,44,247,2
4478,3656,45,167,1
4479,3657,46,186,1
4480,3658,45,131,1
4481,3073,45,145,1
4482,3659,46,184,2
4483,3660,46,144,1
4484,3661,46,174,1
4485,3662,46,198,1
4486,3663,44,214,3
4487,3664,46,133,0
4488,3665,46,134,1
4489,3666,46,162,1
4490,3667,46,238,1
4491,3668,45,201,1
4492,3669,45,231,1
4493,3670,45,169,1
4494,3671,45,159,1
4495,3672,45,171,1
4496,3673,11,203,35
4497,3674,12,241,34
4498,3675,45,186,2
4499,3676,44,249,2
4500,2590,45,150,2
4501,3677,11,223,35
4502,3636,10,175,36
4503,2411,13,196,35
4504,3678,46,153,0
4505,3679,12,252,36
