table,weights,plus,minus,total
lm_head.weight,311164928,922362,922908,1845270
model.embed_tokens.weight,311164928,922362,922908,1845270
model.layers.0.input_layernorm.weight,2048,2,0,2
model.layers.0.mlp.down_proj.weight,12582912,37241,37342,74583
model.layers.0.mlp.gate_proj.weight,12582912,37692,37074,74766
model.layers.0.mlp.up_proj.weight,12582912,37214,37499,74713
model.layers.0.post_attention_layernorm.weight,2048,21,1,22
model.layers.0.self_attn.k_norm.weight,128,1,0,1
model.layers.0.self_attn.k_proj.weight,2097152,6203,6200,12403
model.layers.0.self_attn.o_proj.weight,4194304,12432,12484,24916
model.layers.0.self_attn.q_norm.weight,128,1,0,1
model.layers.0.self_attn.q_proj.weight,4194304,12636,12562,25198
model.layers.0.self_attn.v_proj.weight,2097152,6199,6221,12420
model.layers.1.input_layernorm.weight,2048,2,0,2
model.layers.1.mlp.down_proj.weight,12582912,37333,37840,75173
model.layers.1.mlp.gate_proj.weight,12582912,37387,37225,74612
model.layers.1.mlp.up_proj.weight,12582912,37376,37229,74605
model.layers.1.post_attention_layernorm.weight,2048,17,0,17
model.layers.1.self_attn.k_norm.weight,128,1,0,1
model.layers.1.self_attn.k_proj.weight,2097152,6277,6268,12545
model.layers.1.self_attn.o_proj.weight,4194304,12460,12441,24901
model.layers.1.self_attn.q_norm.weight,128,0,1,1
model.layers.1.self_attn.q_proj.weight,4194304,12511,12266,24777
model.layers.1.self_attn.v_proj.weight,2097152,6166,6299,12465
model.layers.2.input_layernorm.weight,2048,16,0,16
model.layers.2.mlp.down_proj.weight,12582912,37495,37361,74856
model.layers.2.mlp.gate_proj.weight,12582912,37102,37255,74357
model.layers.2.mlp.up_proj.weight,12582912,37395,37626,75021
model.layers.2.post_attention_layernorm.weight,2048,26,0,26
model.layers.2.self_attn.k_norm.weight,128,1,0,1
model.layers.2.self_attn.k_proj.weight,2097152,6220,6191,12411
model.layers.2.self_attn.o_proj.weight,4194304,12409,12353,24762
model.layers.2.self_attn.q_norm.weight,128,1,0,1
model.layers.2.self_attn.q_proj.weight,4194304,12417,12677,25094
model.layers.2.self_attn.v_proj.weight,2097152,6324,6286,12610
model.layers.3.input_layernorm.weight,2048,0,0,0
model.layers.3.mlp.down_proj.weight,12582912,37209,37513,74722
model.layers.3.mlp.gate_proj.weight,12582912,37306,37299,74605
model.layers.3.mlp.up_proj.weight,12582912,37402,37464,74866
model.layers.3.post_attention_layernorm.weight,2048,2,1,3
model.layers.3.self_attn.k_norm.weight,128,0,0,0
model.layers.3.self_attn.k_proj.weight,2097152,6274,6214,12488
model.layers.3.self_attn.o_proj.weight,4194304,12406,12520,24926
model.layers.3.self_attn.q_norm.weight,128,2,0,2
model.layers.3.self_attn.q_proj.weight,4194304,12352,12484,24836
model.layers.3.self_attn.v_proj.weight,2097152,6135,6181,12316
model.layers.4.input_layernorm.weight,2048,1,0,1
model.layers.4.mlp.down_proj.weight,12582912,37468,37112,74580
model.layers.4.mlp.gate_proj.weight,12582912,37154,37442,74596
model.layers.4.mlp.up_proj.weight,12582912,37287,37360,74647
model.layers.4.post_attention_layernorm.weight,2048,0,0,0
model.layers.4.self_attn.k_norm.weight,128,2,0,2
model.layers.4.self_attn.k_proj.weight,2097152,6231,6159,12390
model.layers.4.self_attn.o_proj.weight,4194304,12492,12274,24766
model.layers.4.self_attn.q_norm.weight,128,0,0,0
model.layers.4.self_attn.q_proj.weight,4194304,12435,12496,24931
model.layers.4.self_attn.v_proj.weight,2097152,6320,6239,12559
model.layers.5.input_layernorm.weight,2048,4,0,4
model.layers.5.mlp.down_proj.weight,12582912,37259,37725,74984
model.layers.5.mlp.gate_proj.weight,12582912,37174,37469,74643
model.layers.5.mlp.up_proj.weight,12582912,37502,37192,74694
model.layers.5.post_attention_layernorm.weight,2048,2,0,2
model.layers.5.self_attn.k_norm.weight,128,2,0,2
model.layers.5.self_attn.k_proj.weight,2097152,6163,6094,12257
model.layers.5.self_attn.o_proj.weight,4194304,12597,12593,25190
model.layers.5.self_attn.q_norm.weight,128,1,0,1
model.layers.5.self_attn.q_proj.weight,4194304,12703,12312,25015
model.layers.5.self_attn.v_proj.weight,2097152,6370,6379,12749
model.layers.6.input_layernorm.weight,2048,3,0,3
model.layers.6.mlp.down_proj.weight,12582912,37331,37261,74592
model.layers.6.mlp.gate_proj.weight,12582912,37136,37357,74493
model.layers.6.mlp.up_proj.weight,12582912,37478,37256,74734
model.layers.6.post_attention_layernorm.weight,2048,0,0,0
model.layers.6.self_attn.k_norm.weight,128,0,0,0
model.layers.6.self_attn.k_proj.weight,2097152,6348,6273,12621
model.layers.6.self_attn.o_proj.weight,4194304,12494,12745,25239
model.layers.6.self_attn.q_norm.weight,128,2,0,2
model.layers.6.self_attn.q_proj.weight,4194304,12523,12230,24753
model.layers.6.self_attn.v_proj.weight,2097152,6333,6203,12536
model.layers.7.input_layernorm.weight,2048,2,0,2
model.layers.7.mlp.down_proj.weight,12582912,37693,37207,74900
model.layers.7.mlp.gate_proj.weight,12582912,37255,37295,74550
model.layers.7.mlp.up_proj.weight,12582912,37301,37521,74822
model.layers.7.post_attention_layernorm.weight,2048,4,0,4
model.layers.7.self_attn.k_norm.weight,128,0,0,0
model.layers.7.self_attn.k_proj.weight,2097152,6224,6113,12337
model.layers.7.self_attn.o_proj.weight,4194304,12651,12551,25202
model.layers.7.self_attn.q_norm.weight,128,1,0,1
model.layers.7.self_attn.q_proj.weight,4194304,12616,12553,25169
model.layers.7.self_attn.v_proj.weight,2097152,6275,6204,12479
model.layers.8.input_layernorm.weight,2048,2,0,2
model.layers.8.mlp.down_proj.weight,12582912,37768,37489,75257
model.layers.8.mlp.gate_proj.weight,12582912,37318,37302,74620
model.layers.8.mlp.up_proj.weight,12582912,37533,37644,75177
model.layers.8.post_attention_layernorm.weight,2048,2,0,2
model.layers.8.self_attn.k_norm.weight,128,1,0,1
model.layers.8.self_attn.k_proj.weight,2097152,6224,6270,12494
model.layers.8.self_attn.o_proj.weight,4194304,12665,12569,25234
model.layers.8.self_attn.q_norm.weight,128,1,0,1
model.layers.8.self_attn.q_proj.weight,4194304,12636,12381,25017
model.layers.8.self_attn.v_proj.weight,2097152,6110,6198,12308
model.layers.9.input_layernorm.weight,2048,9,0,9
model.layers.9.mlp.down_proj.weight,12582912,37348,37619,74967
model.layers.9.mlp.gate_proj.weight,12582912,37276,37616,74892
model.layers.9.mlp.up_proj.weight,12582912,37468,37209,74677
model.layers.9.post_attention_layernorm.weight,2048,2,0,2
model.layers.9.self_attn.k_norm.weight,128,1,0,1
model.layers.9.self_attn.k_proj.weight,2097152,6181,6218,12399
model.layers.9.self_attn.o_proj.weight,4194304,12548,12587,25135
model.layers.9.self_attn.q_norm.weight,128,4,0,4
model.layers.9.self_attn.q_proj.weight,4194304,12419,12420,24839
model.layers.9.self_attn.v_proj.weight,2097152,6243,6122,12365
model.layers.10.input_layernorm.weight,2048,13,0,13
model.layers.10.mlp.down_proj.weight,12582912,37314,37213,74527
model.layers.10.mlp.gate_proj.weight,12582912,37019,37400,74419
model.layers.10.mlp.up_proj.weight,12582912,37304,37675,74979
model.layers.10.post_attention_layernorm.weight,2048,5,0,5
model.layers.10.self_attn.k_norm.weight,128,1,0,1
model.layers.10.self_attn.k_proj.weight,2097152,6302,6206,12508
model.layers.10.self_attn.o_proj.weight,4194304,12435,12645,25080
model.layers.10.self_attn.q_norm.weight,128,3,0,3
model.layers.10.self_attn.q_proj.weight,4194304,12568,12416,24984
model.layers.10.self_attn.v_proj.weight,2097152,6239,6384,12623
model.layers.11.input_layernorm.weight,2048,17,0,17
model.layers.11.mlp.down_proj.weight,12582912,37108,37422,74530
model.layers.11.mlp.gate_proj.weight,12582912,37628,37265,74893
model.layers.11.mlp.up_proj.weight,12582912,37785,37268,75053
model.layers.11.post_attention_layernorm.weight,2048,16,0,16
model.layers.11.self_attn.k_norm.weight,128,0,0,0
model.layers.11.self_attn.k_proj.weight,2097152,6281,6289,12570
model.layers.11.self_attn.o_proj.weight,4194304,12426,12380,24806
model.layers.11.self_attn.q_norm.weight,128,1,0,1
model.layers.11.self_attn.q_proj.weight,4194304,12529,12460,24989
model.layers.11.self_attn.v_proj.weight,2097152,6308,6194,12502
model.layers.12.input_layernorm.weight,2048,8,0,8
model.layers.12.mlp.down_proj.weight,12582912,37194,37520,74714
model.layers.12.mlp.gate_proj.weight,12582912,37227,37159,74386
model.layers.12.mlp.up_proj.weight,12582912,37609,37340,74949
model.layers.12.post_attention_layernorm.weight,2048,11,0,11
model.layers.12.self_attn.k_norm.weight,128,1,0,1
model.layers.12.self_attn.k_proj.weight,2097152,6257,6235,12492
model.layers.12.self_attn.o_proj.weight,4194304,12452,12405,24857
model.layers.12.self_attn.q_norm.weight,128,0,0,0
model.layers.12.self_attn.q_proj.weight,4194304,12525,12708,25233
model.layers.12.self_attn.v_proj.weight,2097152,6190,6163,12353
model.layers.13.input_layernorm.weight,2048,10,0,10
model.layers.13.mlp.down_proj.weight,12582912,37529,37626,75155
model.layers.13.mlp.gate_proj.weight,12582912,37617,37444,75061
model.layers.13.mlp.up_proj.weight,12582912,37704,37354,75058
model.layers.13.post_attention_layernorm.weight,2048,9,0,9
model.layers.13.self_attn.k_norm.weight,128,4,0,4
model.layers.13.self_attn.k_proj.weight,2097152,6208,6142,12350
model.layers.13.self_attn.o_proj.weight,4194304,12472,12559,25031
model.layers.13.self_attn.q_norm.weight,128,1,0,1
model.layers.13.self_attn.q_proj.weight,4194304,12416,12454,24870
model.layers.13.self_attn.v_proj.weight,2097152,6343,6171,12514
model.layers.14.input_layernorm.weight,2048,18,0,18
model.layers.14.mlp.down_proj.weight,12582912,37257,37239,74496
model.layers.14.mlp.gate_proj.weight,12582912,37426,37243,74669
model.layers.14.mlp.up_proj.weight,12582912,37331,37398,74729
model.layers.14.post_attention_layernorm.weight,2048,13,0,13
model.layers.14.self_attn.k_norm.weight,128,2,0,2
model.layers.14.self_attn.k_proj.weight,2097152,6410,6313,12723
model.layers.14.self_attn.o_proj.weight,4194304,12563,12426,24989
model.layers.14.self_attn.q_norm.weight,128,2,0,2
model.layers.14.self_attn.q_proj.weight,4194304,12638,12636,25274
model.layers.14.self_attn.v_proj.weight,2097152,6437,6299,12736
model.layers.15.input_layernorm.weight,2048,8,0,8
model.layers.15.mlp.down_proj.weight,12582912,37371,37484,74855
model.layers.15.mlp.gate_proj.weight,12582912,37633,37540,75173
model.layers.15.mlp.up_proj.weight,12582912,37353,37219,74572
model.layers.15.post_attention_layernorm.weight,2048,13,0,13
model.layers.15.self_attn.k_norm.weight,128,1,0,1
model.layers.15.self_attn.k_proj.weight,2097152,6344,6263,12607
model.layers.15.self_attn.o_proj.weight,4194304,12515,12640,25155
model.layers.15.self_attn.q_norm.weight,128,0,0,0
model.layers.15.self_attn.q_proj.weight,4194304,12399,12403,24802
model.layers.15.self_attn.v_proj.weight,2097152,5996,6292,12288
model.layers.16.input_layernorm.weight,2048,15,0,15
model.layers.16.mlp.down_proj.weight,12582912,37437,37536,74973
model.layers.16.mlp.gate_proj.weight,12582912,37428,37402,74830
model.layers.16.mlp.up_proj.weight,12582912,37471,37303,74774
model.layers.16.post_attention_layernorm.weight,2048,18,0,18
model.layers.16.self_attn.k_norm.weight,128,2,0,2
model.layers.16.self_attn.k_proj.weight,2097152,6320,6191,12511
model.layers.16.self_attn.o_proj.weight,4194304,12509,12252,24761
model.layers.16.self_attn.q_norm.weight,128,1,0,1
model.layers.16.self_attn.q_proj.weight,4194304,12393,12685,25078
model.layers.16.self_attn.v_proj.weight,2097152,6293,6213,12506
model.layers.17.input_layernorm.weight,2048,17,0,17
model.layers.17.mlp.down_proj.weight,12582912,37630,37341,74971
model.layers.17.mlp.gate_proj.weight,12582912,37503,37319,74822
model.layers.17.mlp.up_proj.weight,12582912,37322,37521,74843
model.layers.17.post_attention_layernorm.weight,2048,16,0,16
model.layers.17.self_attn.k_norm.weight,128,1,0,1
model.layers.17.self_attn.k_proj.weight,2097152,6117,6292,12409
model.layers.17.self_attn.o_proj.weight,4194304,12536,12439,24975
model.layers.17.self_attn.q_norm.weight,128,1,0,1
model.layers.17.self_attn.q_proj.weight,4194304,12376,12372,24748
model.layers.17.self_attn.v_proj.weight,2097152,6224,6272,12496
model.layers.18.input_layernorm.weight,2048,27,0,27
model.layers.18.mlp.down_proj.weight,12582912,37592,37596,75188
model.layers.18.mlp.gate_proj.weight,12582912,37635,37188,74823
model.layers.18.mlp.up_proj.weight,12582912,37389,37154,74543
model.layers.18.post_attention_layernorm.weight,2048,3,0,3
model.layers.18.self_attn.k_norm.weight,128,0,0,0
model.layers.18.self_attn.k_proj.weight,2097152,6173,6200,12373
model.layers.18.self_attn.o_proj.weight,4194304,12625,12574,25199
model.layers.18.self_attn.q_norm.weight,128,0,0,0
model.layers.18.self_attn.q_proj.weight,4194304,12616,12404,25020
model.layers.18.self_attn.v_proj.weight,2097152,6220,6158,12378
model.layers.19.input_layernorm.weight,2048,2,0,2
model.layers.19.mlp.down_proj.weight,12582912,37690,37262,74952
model.layers.19.mlp.gate_proj.weight,12582912,37647,37299,74946
model.layers.19.mlp.up_proj.weight,12582912,37467,37454,74921
model.layers.19.post_attention_layernorm.weight,2048,2,0,2
model.layers.19.self_attn.k_norm.weight,128,1,0,1
model.layers.19.self_attn.k_proj.weight,2097152,6174,6047,12221
model.layers.19.self_attn.o_proj.weight,4194304,12594,12548,25142
model.layers.19.self_attn.q_norm.weight,128,1,0,1
model.layers.19.self_attn.q_proj.weight,4194304,12287,12501,24788
model.layers.19.self_attn.v_proj.weight,2097152,6136,6188,12324
model.layers.20.input_layernorm.weight,2048,6,0,6
model.layers.20.mlp.down_proj.weight,12582912,37539,37542,75081
model.layers.20.mlp.gate_proj.weight,12582912,37339,36948,74287
model.layers.20.mlp.up_proj.weight,12582912,37358,37496,74854
model.layers.20.post_attention_layernorm.weight,2048,1,0,1
model.layers.20.self_attn.k_norm.weight,128,2,0,2
model.layers.20.self_attn.k_proj.weight,2097152,6297,6243,12540
model.layers.20.self_attn.o_proj.weight,4194304,12563,12295,24858
model.layers.20.self_attn.q_norm.weight,128,2,0,2
model.layers.20.self_attn.q_proj.weight,4194304,12385,12697,25082
model.layers.20.self_attn.v_proj.weight,2097152,6240,6396,12636
model.layers.21.input_layernorm.weight,2048,19,0,19
model.layers.21.mlp.down_proj.weight,12582912,37121,37065,74186
model.layers.21.mlp.gate_proj.weight,12582912,37299,37201,74500
model.layers.21.mlp.up_proj.weight,12582912,37554,37290,74844
model.layers.21.post_attention_layernorm.weight,2048,4,0,4
model.layers.21.self_attn.k_norm.weight,128,0,1,1
model.layers.21.self_attn.k_proj.weight,2097152,6192,6207,12399
model.layers.21.self_attn.o_proj.weight,4194304,12365,12318,24683
model.layers.21.self_attn.q_norm.weight,128,2,0,2
model.layers.21.self_attn.q_proj.weight,4194304,12473,12375,24848
model.layers.21.self_attn.v_proj.weight,2097152,6085,6206,12291
model.layers.22.input_layernorm.weight,2048,58,0,58
model.layers.22.mlp.down_proj.weight,12582912,37220,37542,74762
model.layers.22.mlp.gate_proj.weight,12582912,37757,37666,75423
model.layers.22.mlp.up_proj.weight,12582912,37570,37324,74894
model.layers.22.post_attention_layernorm.weight,2048,56,0,56
model.layers.22.self_attn.k_norm.weight,128,1,0,1
model.layers.22.self_attn.k_proj.weight,2097152,6195,6201,12396
model.layers.22.self_attn.o_proj.weight,4194304,12464,12413,24877
model.layers.22.self_attn.q_norm.weight,128,1,0,1
model.layers.22.self_attn.q_proj.weight,4194304,12595,12470,25065
model.layers.22.self_attn.v_proj.weight,2097152,6226,6092,12318
model.layers.23.input_layernorm.weight,2048,2,0,2
model.layers.23.mlp.down_proj.weight,12582912,37454,37321,74775
model.layers.23.mlp.gate_proj.weight,12582912,37138,37202,74340
model.layers.23.mlp.up_proj.weight,12582912,37283,37336,74619
model.layers.23.post_attention_layernorm.weight,2048,11,0,11
model.layers.23.self_attn.k_norm.weight,128,1,0,1
model.layers.23.self_attn.k_proj.weight,2097152,6162,6215,12377
model.layers.23.self_attn.o_proj.weight,4194304,12558,12687,25245
model.layers.23.self_attn.q_norm.weight,128,0,0,0
model.layers.23.self_attn.q_proj.weight,4194304,12485,12484,24969
model.layers.23.self_attn.v_proj.weight,2097152,6309,6396,12705
model.layers.24.input_layernorm.weight,2048,2,0,2
model.layers.24.mlp.down_proj.weight,12582912,37330,37347,74677
model.layers.24.mlp.gate_proj.weight,12582912,37839,37646,75485
model.layers.24.mlp.up_proj.weight,12582912,37177,37450,74627
model.layers.24.post_attention_layernorm.weight,2048,1,0,1
model.layers.24.self_attn.k_norm.weight,128,1,0,1
model.layers.24.self_attn.k_proj.weight,2097152,6314,6117,12431
model.layers.24.self_attn.o_proj.weight,4194304,12639,12465,25104
model.layers.24.self_attn.q_norm.weight,128,0,0,0
model.layers.24.self_attn.q_proj.weight,4194304,12414,12549,24963
model.layers.24.self_attn.v_proj.weight,2097152,6259,6243,12502
model.layers.25.input_layernorm.weight,2048,2,0,2
model.layers.25.mlp.down_proj.weight,12582912,37272,37269,74541
model.layers.25.mlp.gate_proj.weight,12582912,37334,37448,74782
model.layers.25.mlp.up_proj.weight,12582912,37124,37080,74204
model.layers.25.post_attention_layernorm.weight,2048,3,0,3
model.layers.25.self_attn.k_norm.weight,128,2,0,2
model.layers.25.self_attn.k_proj.weight,2097152,6219,6328,12547
model.layers.25.self_attn.o_proj.weight,4194304,12322,12479,24801
model.layers.25.self_attn.q_norm.weight,128,1,0,1
model.layers.25.self_attn.q_proj.weight,4194304,12612,12351,24963
model.layers.25.self_attn.v_proj.weight,2097152,6192,6302,12494
model.layers.26.input_layernorm.weight,2048,2,0,2
model.layers.26.mlp.down_proj.weight,12582912,37271,37469,74740
model.layers.26.mlp.gate_proj.weight,12582912,37497,37746,75243
model.layers.26.mlp.up_proj.weight,12582912,37379,37383,74762
model.layers.26.post_attention_layernorm.weight,2048,2,0,2
model.layers.26.self_attn.k_norm.weight,128,1,0,1
model.layers.26.self_attn.k_proj.weight,2097152,6270,6208,12478
model.layers.26.self_attn.o_proj.weight,4194304,12391,12522,24913
model.layers.26.self_attn.q_norm.weight,128,1,0,1
model.layers.26.self_attn.q_proj.weight,4194304,12356,12398,24754
model.layers.26.self_attn.v_proj.weight,2097152,6396,6247,12643
model.layers.27.input_layernorm.weight,2048,17,0,17
model.layers.27.mlp.down_proj.weight,12582912,37438,37578,75016
model.layers.27.mlp.gate_proj.weight,12582912,37246,37756,75002
model.layers.27.mlp.up_proj.weight,12582912,37091,37408,74499
model.layers.27.post_attention_layernorm.weight,2048,4,0,4
model.layers.27.self_attn.k_norm.weight,128,1,0,1
model.layers.27.self_attn.k_proj.weight,2097152,6308,6330,12638
model.layers.27.self_attn.o_proj.weight,4194304,12821,12413,25234
model.layers.27.self_attn.q_norm.weight,128,0,0,0
model.layers.27.self_attn.q_proj.weight,4194304,12323,12473,24796
model.layers.27.self_attn.v_proj.weight,2097152,6239,6289,12528
model.norm.weight,2048,6,0,6
