layer,cycle,held,distinct_real,distinct_shuffled
0,1,12582912,15876,15876
0,2,6291456,5616844,5627504
0,3,3145728,3145728,3145728
0,4,1572864,1572864,1572864
0,5,786432,786432,786432
0,6,393216,393216,393216
0,7,196608,196608,196608
0,8,98304,98304,98304
0,9,49152,49152,49152
0,10,24576,24576,24576
0,11,12288,12288,12288
0,12,6144,6144,6144
1,1,12582912,15876,15876
1,2,6291456,5619687,5628174
1,3,3145728,3145728,3145728
1,4,1572864,1572864,1572864
1,5,786432,786432,786432
1,6,393216,393216,393216
1,7,196608,196608,196608
1,8,98304,98304,98304
1,9,49152,49152,49152
1,10,24576,24576,24576
1,11,12288,12288,12288
1,12,6144,6144,6144
2,1,12582912,15876,15876
2,2,6291456,5607064,5625967
2,3,3145728,3145728,3145728
2,4,1572864,1572864,1572864
2,5,786432,786432,786432
2,6,393216,393216,393216
2,7,196608,196608,196608
2,8,98304,98304,98304
2,9,49152,49152,49152
2,10,24576,24576,24576
2,11,12288,12288,12288
2,12,6144,6144,6144
3,1,12582912,15876,15876
3,2,6291456,5597602,5627569
3,3,3145728,3145728,3145728
3,4,1572864,1572864,1572864
3,5,786432,786432,786432
3,6,393216,393216,393216
3,7,196608,196608,196608
3,8,98304,98304,98304
3,9,49152,49152,49152
3,10,24576,24576,24576
3,11,12288,12288,12288
3,12,6144,6144,6144
4,1,12582912,15876,15876
4,2,6291456,5589648,5628442
4,3,3145728,3145728,3145728
4,4,1572864,1572864,1572864
4,5,786432,786432,786432
4,6,393216,393216,393216
4,7,196608,196608,196608
4,8,98304,98304,98304
4,9,49152,49152,49152
4,10,24576,24576,24576
4,11,12288,12288,12288
4,12,6144,6144,6144
5,1,12582912,15876,15876
5,2,6291456,5597279,5626453
5,3,3145728,3145728,3145728
5,4,1572864,1572864,1572864
5,5,786432,786432,786432
5,6,393216,393216,393216
5,7,196608,196608,196608
5,8,98304,98304,98304
5,9,49152,49152,49152
5,10,24576,24576,24576
5,11,12288,12288,12288
5,12,6144,6144,6144
6,1,12582912,15876,15876
6,2,6291456,5598930,5627038
6,3,3145728,3145728,3145728
6,4,1572864,1572864,1572864
6,5,786432,786432,786432
6,6,393216,393216,393216
6,7,196608,196608,196608
6,8,98304,98304,98304
6,9,49152,49152,49152
6,10,24576,24576,24576
6,11,12288,12288,12288
6,12,6144,6144,6144
7,1,12582912,15876,15876
7,2,6291456,5592064,5626585
7,3,3145728,3145728,3145728
7,4,1572864,1572864,1572864
7,5,786432,786432,786432
7,6,393216,393216,393216
7,7,196608,196608,196608
7,8,98304,98304,98304
7,9,49152,49152,49152
7,10,24576,24576,24576
7,11,12288,12288,12288
7,12,6144,6144,6144
8,1,12582912,15876,15876
8,2,6291456,5605720,5627239
8,3,3145728,3145728,3145728
8,4,1572864,1572864,1572864
8,5,786432,786432,786432
8,6,393216,393216,393216
8,7,196608,196608,196608
8,8,98304,98304,98304
8,9,49152,49152,49152
8,10,24576,24576,24576
8,11,12288,12288,12288
8,12,6144,6144,6144
9,1,12582912,15876,15876
9,2,6291456,5612517,5626674
9,3,3145728,3145728,3145728
9,4,1572864,1572864,1572864
9,5,786432,786432,786432
9,6,393216,393216,393216
9,7,196608,196608,196608
9,8,98304,98304,98304
9,9,49152,49152,49152
9,10,24576,24576,24576
9,11,12288,12288,12288
9,12,6144,6144,6144
10,1,12582912,15876,15876
10,2,6291456,5623598,5628518
10,3,3145728,3145728,3145728
10,4,1572864,1572864,1572864
10,5,786432,786432,786432
10,6,393216,393216,393216
10,7,196608,196608,196608
10,8,98304,98304,98304
10,9,49152,49152,49152
10,10,24576,24576,24576
10,11,12288,12288,12288
10,12,6144,6144,6144
11,1,12582912,15876,15876
11,2,6291456,5625975,5628538
11,3,3145728,3145728,3145728
11,4,1572864,1572864,1572864
11,5,786432,786432,786432
11,6,393216,393216,393216
11,7,196608,196608,196608
11,8,98304,98304,98304
11,9,49152,49152,49152
11,10,24576,24576,24576
11,11,12288,12288,12288
11,12,6144,6144,6144
12,1,12582912,15876,15876
12,2,6291456,5626596,5627157
12,3,3145728,3145728,3145728
12,4,1572864,1572864,1572864
12,5,786432,786432,786432
12,6,393216,393216,393216
12,7,196608,196608,196608
12,8,98304,98304,98304
12,9,49152,49152,49152
12,10,24576,24576,24576
12,11,12288,12288,12288
12,12,6144,6144,6144
13,1,12582912,15876,15876
13,2,6291456,5627577,5627606
13,3,3145728,3145728,3145728
13,4,1572864,1572864,1572864
13,5,786432,786432,786432
13,6,393216,393216,393216
13,7,196608,196608,196608
13,8,98304,98304,98304
13,9,49152,49152,49152
13,10,24576,24576,24576
13,11,12288,12288,12288
13,12,6144,6144,6144
14,1,12582912,15876,15876
14,2,6291456,5626475,5627274
14,3,3145728,3145728,3145728
14,4,1572864,1572864,1572864
14,5,786432,786432,786432
14,6,393216,393216,393216
14,7,196608,196608,196608
14,8,98304,98304,98304
14,9,49152,49152,49152
14,10,24576,24576,24576
14,11,12288,12288,12288
14,12,6144,6144,6144
15,1,12582912,15876,15876
15,2,6291456,5626874,5629216
15,3,3145728,3145728,3145728
15,4,1572864,1572864,1572864
15,5,786432,786432,786432
15,6,393216,393216,393216
15,7,196608,196608,196608
15,8,98304,98304,98304
15,9,49152,49152,49152
15,10,24576,24576,24576
15,11,12288,12288,12288
15,12,6144,6144,6144
16,1,12582912,15876,15876
16,2,6291456,5625340,5628586
16,3,3145728,3145728,3145728
16,4,1572864,1572864,1572864
16,5,786432,786432,786432
16,6,393216,393216,393216
16,7,196608,196608,196608
16,8,98304,98304,98304
16,9,49152,49152,49152
16,10,24576,24576,24576
16,11,12288,12288,12288
16,12,6144,6144,6144
17,1,12582912,15876,15876
17,2,6291456,5626148,5627109
17,3,3145728,3145728,3145728
17,4,1572864,1572864,1572864
17,5,786432,786432,786432
17,6,393216,393216,393216
17,7,196608,196608,196608
17,8,98304,98304,98304
17,9,49152,49152,49152
17,10,24576,24576,24576
17,11,12288,12288,12288
17,12,6144,6144,6144
18,1,12582912,15876,15876
18,2,6291456,5626193,5627626
18,3,3145728,3145728,3145728
18,4,1572864,1572864,1572864
18,5,786432,786432,786432
18,6,393216,393216,393216
18,7,196608,196608,196608
18,8,98304,98304,98304
18,9,49152,49152,49152
18,10,24576,24576,24576
18,11,12288,12288,12288
18,12,6144,6144,6144
19,1,12582912,15876,15876
19,2,6291456,5627800,5628254
19,3,3145728,3145728,3145728
19,4,1572864,1572864,1572864
19,5,786432,786432,786432
19,6,393216,393216,393216
19,7,196608,196608,196608
19,8,98304,98304,98304
19,9,49152,49152,49152
19,10,24576,24576,24576
19,11,12288,12288,12288
19,12,6144,6144,6144
20,1,12582912,15876,15876
20,2,6291456,5626455,5627973
20,3,3145728,3145728,3145728
20,4,1572864,1572864,1572864
20,5,786432,786432,786432
20,6,393216,393216,393216
20,7,196608,196608,196608
20,8,98304,98304,98304
20,9,49152,49152,49152
20,10,24576,24576,24576
20,11,12288,12288,12288
20,12,6144,6144,6144
21,1,12582912,15876,15876
21,2,6291456,5624797,5628018
21,3,3145728,3145728,3145728
21,4,1572864,1572864,1572864
21,5,786432,786432,786432
21,6,393216,393216,393216
21,7,196608,196608,196608
21,8,98304,98304,98304
21,9,49152,49152,49152
21,10,24576,24576,24576
21,11,12288,12288,12288
21,12,6144,6144,6144
22,1,12582912,15876,15876
22,2,6291456,5625030,5628017
22,3,3145728,3145728,3145728
22,4,1572864,1572864,1572864
22,5,786432,786432,786432
22,6,393216,393216,393216
22,7,196608,196608,196608
22,8,98304,98304,98304
22,9,49152,49152,49152
22,10,24576,24576,24576
22,11,12288,12288,12288
22,12,6144,6144,6144
23,1,12582912,15876,15876
23,2,6291456,5626038,5627758
23,3,3145728,3145728,3145728
23,4,1572864,1572864,1572864
23,5,786432,786432,786432
23,6,393216,393216,393216
23,7,196608,196608,196608
23,8,98304,98304,98304
23,9,49152,49152,49152
23,10,24576,24576,24576
23,11,12288,12288,12288
23,12,6144,6144,6144
24,1,12582912,15876,15876
24,2,6291456,5620855,5627466
24,3,3145728,3145728,3145728
24,4,1572864,1572864,1572864
24,5,786432,786432,786432
24,6,393216,393216,393216
24,7,196608,196608,196608
24,8,98304,98304,98304
24,9,49152,49152,49152
24,10,24576,24576,24576
24,11,12288,12288,12288
24,12,6144,6144,6144
25,1,12582912,15876,15876
25,2,6291456,5617029,5626417
25,3,3145728,3145728,3145728
25,4,1572864,1572864,1572864
25,5,786432,786432,786432
25,6,393216,393216,393216
25,7,196608,196608,196608
25,8,98304,98304,98304
25,9,49152,49152,49152
25,10,24576,24576,24576
25,11,12288,12288,12288
25,12,6144,6144,6144
26,1,12582912,15876,15876
26,2,6291456,5605273,5627296
26,3,3145728,3145728,3145728
26,4,1572864,1572864,1572864
26,5,786432,786432,786432
26,6,393216,393216,393216
26,7,196608,196608,196608
26,8,98304,98304,98304
26,9,49152,49152,49152
26,10,24576,24576,24576
26,11,12288,12288,12288
26,12,6144,6144,6144
27,1,12582912,15876,15876
27,2,6291456,5594476,5628342
27,3,3145728,3145728,3145728
27,4,1572864,1572864,1572864
27,5,786432,786432,786432
27,6,393216,393216,393216
27,7,196608,196608,196608
27,8,98304,98304,98304
27,9,49152,49152,49152
27,10,24576,24576,24576
27,11,12288,12288,12288
27,12,6144,6144,6144
