test,table,held,distinct_real,distinct_shuffled
cols,lm_head.weight,77791232,42720816,43155642
rows,lm_head.weight,77791232,42978548,43158103
cols,model.embed_tokens.weight,77791232,42720816,43153834
rows,model.embed_tokens.weight,77791232,42978548,43154150
cols,model.layers.0.input_layernorm.weight,512,512,512
cols,model.layers.0.mlp.down_proj.weight,3145728,2955618,2955324
rows,model.layers.0.mlp.down_proj.weight,3145728,2955102,2955261
cols,model.layers.0.mlp.gate_proj.weight,3145728,2955140,2954648
rows,model.layers.0.mlp.gate_proj.weight,3145728,2954619,2954005
cols,model.layers.0.mlp.up_proj.weight,3145728,2954157,2953940
rows,model.layers.0.mlp.up_proj.weight,3145728,2953959,2954299
cols,model.layers.0.post_attention_layernorm.weight,512,512,512
cols,model.layers.0.self_attn.k_norm.weight,32,32,32
cols,model.layers.0.self_attn.k_proj.weight,524288,518016,517889
rows,model.layers.0.self_attn.k_proj.weight,524288,518094,518088
cols,model.layers.0.self_attn.o_proj.weight,1048576,1024781,1024877
rows,model.layers.0.self_attn.o_proj.weight,1048576,1024753,1024424
cols,model.layers.0.self_attn.q_norm.weight,32,32,32
cols,model.layers.0.self_attn.q_proj.weight,1048576,1024756,1024835
rows,model.layers.0.self_attn.q_proj.weight,1048576,1024486,1024668
cols,model.layers.0.self_attn.v_proj.weight,524288,518072,518023
rows,model.layers.0.self_attn.v_proj.weight,524288,517924,518048
cols,model.layers.1.input_layernorm.weight,512,512,512
cols,model.layers.1.mlp.down_proj.weight,3145728,2954988,2954579
rows,model.layers.1.mlp.down_proj.weight,3145728,2954829,2954645
cols,model.layers.1.mlp.gate_proj.weight,3145728,2954039,2954894
rows,model.layers.1.mlp.gate_proj.weight,3145728,2954293,2953460
cols,model.layers.1.mlp.up_proj.weight,3145728,2954351,2954302
rows,model.layers.1.mlp.up_proj.weight,3145728,2954709,2954204
cols,model.layers.1.post_attention_layernorm.weight,512,512,512
cols,model.layers.1.self_attn.k_norm.weight,32,32,32
cols,model.layers.1.self_attn.k_proj.weight,524288,517979,518086
rows,model.layers.1.self_attn.k_proj.weight,524288,518122,518054
cols,model.layers.1.self_attn.o_proj.weight,1048576,1024293,1024309
rows,model.layers.1.self_attn.o_proj.weight,1048576,1024376,1024622
cols,model.layers.1.self_attn.q_norm.weight,32,32,32
cols,model.layers.1.self_attn.q_proj.weight,1048576,1024293,1024829
rows,model.layers.1.self_attn.q_proj.weight,1048576,1024691,1024456
cols,model.layers.1.self_attn.v_proj.weight,524288,518039,518026
rows,model.layers.1.self_attn.v_proj.weight,524288,517988,518132
cols,model.layers.2.input_layernorm.weight,512,512,512
cols,model.layers.2.mlp.down_proj.weight,3145728,2954512,2954482
rows,model.layers.2.mlp.down_proj.weight,3145728,2954634,2954829
cols,model.layers.2.mlp.gate_proj.weight,3145728,2955157,2954796
rows,model.layers.2.mlp.gate_proj.weight,3145728,2955003,2955124
cols,model.layers.2.mlp.up_proj.weight,3145728,2954947,2954530
rows,model.layers.2.mlp.up_proj.weight,3145728,2954660,2954313
cols,model.layers.2.post_attention_layernorm.weight,512,512,511
cols,model.layers.2.self_attn.k_norm.weight,32,32,32
cols,model.layers.2.self_attn.k_proj.weight,524288,518137,518031
rows,model.layers.2.self_attn.k_proj.weight,524288,518127,518010
cols,model.layers.2.self_attn.o_proj.weight,1048576,1024428,1024733
rows,model.layers.2.self_attn.o_proj.weight,1048576,1024749,1024604
cols,model.layers.2.self_attn.q_norm.weight,32,32,32
cols,model.layers.2.self_attn.q_proj.weight,1048576,1024964,1024699
rows,model.layers.2.self_attn.q_proj.weight,1048576,1024596,1024721
cols,model.layers.2.self_attn.v_proj.weight,524288,517974,517914
rows,model.layers.2.self_attn.v_proj.weight,524288,518035,517962
cols,model.layers.3.input_layernorm.weight,512,512,512
cols,model.layers.3.mlp.down_proj.weight,3145728,2954299,2953898
rows,model.layers.3.mlp.down_proj.weight,3145728,2954223,2953198
cols,model.layers.3.mlp.gate_proj.weight,3145728,2954649,2954676
rows,model.layers.3.mlp.gate_proj.weight,3145728,2955192,2954435
cols,model.layers.3.mlp.up_proj.weight,3145728,2954586,2953662
rows,model.layers.3.mlp.up_proj.weight,3145728,2954063,2954479
cols,model.layers.3.post_attention_layernorm.weight,512,509,512
cols,model.layers.3.self_attn.k_norm.weight,32,32,32
cols,model.layers.3.self_attn.k_proj.weight,524288,518275,518099
rows,model.layers.3.self_attn.k_proj.weight,524288,518181,518087
cols,model.layers.3.self_attn.o_proj.weight,1048576,1024628,1024870
rows,model.layers.3.self_attn.o_proj.weight,1048576,1024644,1024580
cols,model.layers.3.self_attn.q_norm.weight,32,32,32
cols,model.layers.3.self_attn.q_proj.weight,1048576,1024743,1024666
rows,model.layers.3.self_attn.q_proj.weight,1048576,1024643,1024535
cols,model.layers.3.self_attn.v_proj.weight,524288,518087,518058
rows,model.layers.3.self_attn.v_proj.weight,524288,518061,518093
cols,model.layers.4.input_layernorm.weight,512,512,512
cols,model.layers.4.mlp.down_proj.weight,3145728,2954435,2954550
rows,model.layers.4.mlp.down_proj.weight,3145728,2954959,2955047
cols,model.layers.4.mlp.gate_proj.weight,3145728,2954508,2954423
rows,model.layers.4.mlp.gate_proj.weight,3145728,2954150,2954529
cols,model.layers.4.mlp.up_proj.weight,3145728,2955303,2955577
rows,model.layers.4.mlp.up_proj.weight,3145728,2954363,2955510
cols,model.layers.4.post_attention_layernorm.weight,512,511,510
cols,model.layers.4.self_attn.k_norm.weight,32,32,32
cols,model.layers.4.self_attn.k_proj.weight,524288,518157,518192
rows,model.layers.4.self_attn.k_proj.weight,524288,518121,518069
cols,model.layers.4.self_attn.o_proj.weight,1048576,1024695,1024603
rows,model.layers.4.self_attn.o_proj.weight,1048576,1024435,1024501
cols,model.layers.4.self_attn.q_norm.weight,32,32,32
cols,model.layers.4.self_attn.q_proj.weight,1048576,1024752,1024631
rows,model.layers.4.self_attn.q_proj.weight,1048576,1024563,1024664
cols,model.layers.4.self_attn.v_proj.weight,524288,518038,517988
rows,model.layers.4.self_attn.v_proj.weight,524288,518022,518197
cols,model.layers.5.input_layernorm.weight,512,512,512
cols,model.layers.5.mlp.down_proj.weight,3145728,2954314,2953992
rows,model.layers.5.mlp.down_proj.weight,3145728,2954276,2954125
cols,model.layers.5.mlp.gate_proj.weight,3145728,2953892,2954362
rows,model.layers.5.mlp.gate_proj.weight,3145728,2954280,2954525
cols,model.layers.5.mlp.up_proj.weight,3145728,2953556,2954133
rows,model.layers.5.mlp.up_proj.weight,3145728,2954036,2954020
cols,model.layers.5.post_attention_layernorm.weight,512,509,511
cols,model.layers.5.self_attn.k_norm.weight,32,32,32
cols,model.layers.5.self_attn.k_proj.weight,524288,518009,518033
rows,model.layers.5.self_attn.k_proj.weight,524288,517994,518093
cols,model.layers.5.self_attn.o_proj.weight,1048576,1024734,1024447
rows,model.layers.5.self_attn.o_proj.weight,1048576,1024356,1024908
cols,model.layers.5.self_attn.q_norm.weight,32,32,32
cols,model.layers.5.self_attn.q_proj.weight,1048576,1024545,1024627
rows,model.layers.5.self_attn.q_proj.weight,1048576,1024661,1024608
cols,model.layers.5.self_attn.v_proj.weight,524288,518053,518104
rows,model.layers.5.self_attn.v_proj.weight,524288,518157,518060
cols,model.layers.6.input_layernorm.weight,512,512,512
cols,model.layers.6.mlp.down_proj.weight,3145728,2954006,2954798
rows,model.layers.6.mlp.down_proj.weight,3145728,2953666,2955241
cols,model.layers.6.mlp.gate_proj.weight,3145728,2954663,2954270
rows,model.layers.6.mlp.gate_proj.weight,3145728,2954479,2954785
cols,model.layers.6.mlp.up_proj.weight,3145728,2954008,2954874
rows,model.layers.6.mlp.up_proj.weight,3145728,2954495,2953519
cols,model.layers.6.post_attention_layernorm.weight,512,511,511
cols,model.layers.6.self_attn.k_norm.weight,32,32,32
cols,model.layers.6.self_attn.k_proj.weight,524288,518094,518099
rows,model.layers.6.self_attn.k_proj.weight,524288,518233,518070
cols,model.layers.6.self_attn.o_proj.weight,1048576,1024693,1024783
rows,model.layers.6.self_attn.o_proj.weight,1048576,1024457,1024684
cols,model.layers.6.self_attn.q_norm.weight,32,32,32
cols,model.layers.6.self_attn.q_proj.weight,1048576,1024520,1024446
rows,model.layers.6.self_attn.q_proj.weight,1048576,1024757,1024712
cols,model.layers.6.self_attn.v_proj.weight,524288,518158,518172
rows,model.layers.6.self_attn.v_proj.weight,524288,518127,518072
cols,model.layers.7.input_layernorm.weight,512,512,512
cols,model.layers.7.mlp.down_proj.weight,3145728,2954598,2954498
rows,model.layers.7.mlp.down_proj.weight,3145728,2954505,2954104
cols,model.layers.7.mlp.gate_proj.weight,3145728,2954424,2954432
rows,model.layers.7.mlp.gate_proj.weight,3145728,2954254,2954351
cols,model.layers.7.mlp.up_proj.weight,3145728,2954275,2954283
rows,model.layers.7.mlp.up_proj.weight,3145728,2954164,2954350
cols,model.layers.7.post_attention_layernorm.weight,512,512,512
cols,model.layers.7.self_attn.k_norm.weight,32,32,32
cols,model.layers.7.self_attn.k_proj.weight,524288,518089,517984
rows,model.layers.7.self_attn.k_proj.weight,524288,518136,518170
cols,model.layers.7.self_attn.o_proj.weight,1048576,1024677,1024712
rows,model.layers.7.self_attn.o_proj.weight,1048576,1024575,1024494
cols,model.layers.7.self_attn.q_norm.weight,32,32,32
cols,model.layers.7.self_attn.q_proj.weight,1048576,1024777,1024739
rows,model.layers.7.self_attn.q_proj.weight,1048576,1024728,1024706
cols,model.layers.7.self_attn.v_proj.weight,524288,518041,518116
rows,model.layers.7.self_attn.v_proj.weight,524288,518126,518091
cols,model.layers.8.input_layernorm.weight,512,512,512
cols,model.layers.8.mlp.down_proj.weight,3145728,2954681,2954763
rows,model.layers.8.mlp.down_proj.weight,3145728,2954510,2955171
cols,model.layers.8.mlp.gate_proj.weight,3145728,2954498,2954337
rows,model.layers.8.mlp.gate_proj.weight,3145728,2954024,2953793
cols,model.layers.8.mlp.up_proj.weight,3145728,2953993,2954024
rows,model.layers.8.mlp.up_proj.weight,3145728,2953623,2954836
cols,model.layers.8.post_attention_layernorm.weight,512,512,512
cols,model.layers.8.self_attn.k_norm.weight,32,32,32
cols,model.layers.8.self_attn.k_proj.weight,524288,518052,518090
rows,model.layers.8.self_attn.k_proj.weight,524288,518098,518061
cols,model.layers.8.self_attn.o_proj.weight,1048576,1024931,1024716
rows,model.layers.8.self_attn.o_proj.weight,1048576,1024857,1024749
cols,model.layers.8.self_attn.q_norm.weight,32,32,32
cols,model.layers.8.self_attn.q_proj.weight,1048576,1024748,1024689
rows,model.layers.8.self_attn.q_proj.weight,1048576,1024674,1024721
cols,model.layers.8.self_attn.v_proj.weight,524288,518095,518118
rows,model.layers.8.self_attn.v_proj.weight,524288,518026,518224
cols,model.layers.9.input_layernorm.weight,512,512,512
cols,model.layers.9.mlp.down_proj.weight,3145728,2953985,2955093
rows,model.layers.9.mlp.down_proj.weight,3145728,2954618,2954374
cols,model.layers.9.mlp.gate_proj.weight,3145728,2954924,2954821
rows,model.layers.9.mlp.gate_proj.weight,3145728,2955225,2954651
cols,model.layers.9.mlp.up_proj.weight,3145728,2954443,2955001
rows,model.layers.9.mlp.up_proj.weight,3145728,2954687,2954805
cols,model.layers.9.post_attention_layernorm.weight,512,512,512
cols,model.layers.9.self_attn.k_norm.weight,32,32,32
cols,model.layers.9.self_attn.k_proj.weight,524288,518037,518081
rows,model.layers.9.self_attn.k_proj.weight,524288,518272,518193
cols,model.layers.9.self_attn.o_proj.weight,1048576,1024751,1024385
rows,model.layers.9.self_attn.o_proj.weight,1048576,1024516,1024330
cols,model.layers.9.self_attn.q_norm.weight,32,32,32
cols,model.layers.9.self_attn.q_proj.weight,1048576,1024547,1024654
rows,model.layers.9.self_attn.q_proj.weight,1048576,1024583,1024663
cols,model.layers.9.self_attn.v_proj.weight,524288,518066,518070
rows,model.layers.9.self_attn.v_proj.weight,524288,518044,517999
cols,model.layers.10.input_layernorm.weight,512,511,512
cols,model.layers.10.mlp.down_proj.weight,3145728,2954328,2953959
rows,model.layers.10.mlp.down_proj.weight,3145728,2954442,2954990
cols,model.layers.10.mlp.gate_proj.weight,3145728,2954576,2954328
rows,model.layers.10.mlp.gate_proj.weight,3145728,2953683,2954495
cols,model.layers.10.mlp.up_proj.weight,3145728,2954599,2954580
rows,model.layers.10.mlp.up_proj.weight,3145728,2954789,2955314
cols,model.layers.10.post_attention_layernorm.weight,512,512,511
cols,model.layers.10.self_attn.k_norm.weight,32,32,32
cols,model.layers.10.self_attn.k_proj.weight,524288,517984,518029
rows,model.layers.10.self_attn.k_proj.weight,524288,518113,517976
cols,model.layers.10.self_attn.o_proj.weight,1048576,1024509,1024572
rows,model.layers.10.self_attn.o_proj.weight,1048576,1024600,1024392
cols,model.layers.10.self_attn.q_norm.weight,32,32,32
cols,model.layers.10.self_attn.q_proj.weight,1048576,1024463,1024447
rows,model.layers.10.self_attn.q_proj.weight,1048576,1024516,1024528
cols,model.layers.10.self_attn.v_proj.weight,524288,517944,518140
rows,model.layers.10.self_attn.v_proj.weight,524288,518148,518193
cols,model.layers.11.input_layernorm.weight,512,512,512
cols,model.layers.11.mlp.down_proj.weight,3145728,2955235,2954889
rows,model.layers.11.mlp.down_proj.weight,3145728,2955130,2955107
cols,model.layers.11.mlp.gate_proj.weight,3145728,2954396,2954712
rows,model.layers.11.mlp.gate_proj.weight,3145728,2954571,2955203
cols,model.layers.11.mlp.up_proj.weight,3145728,2954307,2954478
rows,model.layers.11.mlp.up_proj.weight,3145728,2955010,2954585
cols,model.layers.11.post_attention_layernorm.weight,512,512,512
cols,model.layers.11.self_attn.k_norm.weight,32,32,32
cols,model.layers.11.self_attn.k_proj.weight,524288,518099,518150
rows,model.layers.11.self_attn.k_proj.weight,524288,518027,518131
cols,model.layers.11.self_attn.o_proj.weight,1048576,1024341,1024274
rows,model.layers.11.self_attn.o_proj.weight,1048576,1024702,1024235
cols,model.layers.11.self_attn.q_norm.weight,32,32,32
cols,model.layers.11.self_attn.q_proj.weight,1048576,1024580,1024808
rows,model.layers.11.self_attn.q_proj.weight,1048576,1024546,1024661
cols,model.layers.11.self_attn.v_proj.weight,524288,518074,518093
rows,model.layers.11.self_attn.v_proj.weight,524288,518035,517969
cols,model.layers.12.input_layernorm.weight,512,512,512
cols,model.layers.12.mlp.down_proj.weight,3145728,2953868,2954663
rows,model.layers.12.mlp.down_proj.weight,3145728,2954569,2954374
cols,model.layers.12.mlp.gate_proj.weight,3145728,2954675,2954754
rows,model.layers.12.mlp.gate_proj.weight,3145728,2954687,2954879
cols,model.layers.12.mlp.up_proj.weight,3145728,2954546,2953803
rows,model.layers.12.mlp.up_proj.weight,3145728,2953201,2953777
cols,model.layers.12.post_attention_layernorm.weight,512,512,512
cols,model.layers.12.self_attn.k_norm.weight,32,32,32
cols,model.layers.12.self_attn.k_proj.weight,524288,518113,518082
rows,model.layers.12.self_attn.k_proj.weight,524288,518217,518141
cols,model.layers.12.self_attn.o_proj.weight,1048576,1024591,1024626
rows,model.layers.12.self_attn.o_proj.weight,1048576,1024452,1024709
cols,model.layers.12.self_attn.q_norm.weight,32,32,32
cols,model.layers.12.self_attn.q_proj.weight,1048576,1024783,1024471
rows,model.layers.12.self_attn.q_proj.weight,1048576,1024543,1024420
cols,model.layers.12.self_attn.v_proj.weight,524288,517899,518129
rows,model.layers.12.self_attn.v_proj.weight,524288,518027,518066
cols,model.layers.13.input_layernorm.weight,512,512,512
cols,model.layers.13.mlp.down_proj.weight,3145728,2953790,2954765
rows,model.layers.13.mlp.down_proj.weight,3145728,2954363,2954173
cols,model.layers.13.mlp.gate_proj.weight,3145728,2955036,2954291
rows,model.layers.13.mlp.gate_proj.weight,3145728,2955060,2954532
cols,model.layers.13.mlp.up_proj.weight,3145728,2955045,2955041
rows,model.layers.13.mlp.up_proj.weight,3145728,2954102,2954457
cols,model.layers.13.post_attention_layernorm.weight,512,512,512
cols,model.layers.13.self_attn.k_norm.weight,32,32,32
cols,model.layers.13.self_attn.k_proj.weight,524288,517960,518069
rows,model.layers.13.self_attn.k_proj.weight,524288,518177,518056
cols,model.layers.13.self_attn.o_proj.weight,1048576,1024422,1024727
rows,model.layers.13.self_attn.o_proj.weight,1048576,1024282,1024929
cols,model.layers.13.self_attn.q_norm.weight,32,32,32
cols,model.layers.13.self_attn.q_proj.weight,1048576,1024571,1024746
rows,model.layers.13.self_attn.q_proj.weight,1048576,1024533,1024400
cols,model.layers.13.self_attn.v_proj.weight,524288,518042,518072
rows,model.layers.13.self_attn.v_proj.weight,524288,518169,518086
cols,model.layers.14.input_layernorm.weight,512,511,512
cols,model.layers.14.mlp.down_proj.weight,3145728,2953893,2954090
rows,model.layers.14.mlp.down_proj.weight,3145728,2954299,2953704
cols,model.layers.14.mlp.gate_proj.weight,3145728,2954071,2954133
rows,model.layers.14.mlp.gate_proj.weight,3145728,2954866,2954975
cols,model.layers.14.mlp.up_proj.weight,3145728,2954594,2955051
rows,model.layers.14.mlp.up_proj.weight,3145728,2954377,2953723
cols,model.layers.14.post_attention_layernorm.weight,512,512,512
cols,model.layers.14.self_attn.k_norm.weight,32,32,32
cols,model.layers.14.self_attn.k_proj.weight,524288,518144,518097
rows,model.layers.14.self_attn.k_proj.weight,524288,518157,517979
cols,model.layers.14.self_attn.o_proj.weight,1048576,1024409,1024569
rows,model.layers.14.self_attn.o_proj.weight,1048576,1024245,1024311
cols,model.layers.14.self_attn.q_norm.weight,32,32,32
cols,model.layers.14.self_attn.q_proj.weight,1048576,1024757,1024696
rows,model.layers.14.self_attn.q_proj.weight,1048576,1024597,1024738
cols,model.layers.14.self_attn.v_proj.weight,524288,517883,518026
rows,model.layers.14.self_attn.v_proj.weight,524288,518015,517890
cols,model.layers.15.input_layernorm.weight,512,512,512
cols,model.layers.15.mlp.down_proj.weight,3145728,2954908,2954529
rows,model.layers.15.mlp.down_proj.weight,3145728,2954641,2954704
cols,model.layers.15.mlp.gate_proj.weight,3145728,2954615,2954295
rows,model.layers.15.mlp.gate_proj.weight,3145728,2955029,2954582
cols,model.layers.15.mlp.up_proj.weight,3145728,2955108,2955429
rows,model.layers.15.mlp.up_proj.weight,3145728,2955726,2954637
cols,model.layers.15.post_attention_layernorm.weight,512,511,512
cols,model.layers.15.self_attn.k_norm.weight,32,32,32
cols,model.layers.15.self_attn.k_proj.weight,524288,518076,518056
rows,model.layers.15.self_attn.k_proj.weight,524288,517867,518078
cols,model.layers.15.self_attn.o_proj.weight,1048576,1024454,1024446
rows,model.layers.15.self_attn.o_proj.weight,1048576,1024360,1024464
cols,model.layers.15.self_attn.q_norm.weight,32,32,32
cols,model.layers.15.self_attn.q_proj.weight,1048576,1024765,1024601
rows,model.layers.15.self_attn.q_proj.weight,1048576,1024714,1024685
cols,model.layers.15.self_attn.v_proj.weight,524288,518147,518269
rows,model.layers.15.self_attn.v_proj.weight,524288,518061,518052
cols,model.layers.16.input_layernorm.weight,512,512,512
cols,model.layers.16.mlp.down_proj.weight,3145728,2954797,2953897
rows,model.layers.16.mlp.down_proj.weight,3145728,2954189,2954572
cols,model.layers.16.mlp.gate_proj.weight,3145728,2954771,2954916
rows,model.layers.16.mlp.gate_proj.weight,3145728,2955563,2955125
cols,model.layers.16.mlp.up_proj.weight,3145728,2954802,2954664
rows,model.layers.16.mlp.up_proj.weight,3145728,2954372,2954621
cols,model.layers.16.post_attention_layernorm.weight,512,512,512
cols,model.layers.16.self_attn.k_norm.weight,32,32,32
cols,model.layers.16.self_attn.k_proj.weight,524288,518086,518102
rows,model.layers.16.self_attn.k_proj.weight,524288,518132,517964
cols,model.layers.16.self_attn.o_proj.weight,1048576,1024595,1024320
rows,model.layers.16.self_attn.o_proj.weight,1048576,1024279,1024550
cols,model.layers.16.self_attn.q_norm.weight,32,32,32
cols,model.layers.16.self_attn.q_proj.weight,1048576,1024707,1024732
rows,model.layers.16.self_attn.q_proj.weight,1048576,1024677,1024850
cols,model.layers.16.self_attn.v_proj.weight,524288,517941,518080
rows,model.layers.16.self_attn.v_proj.weight,524288,518007,518097
cols,model.layers.17.input_layernorm.weight,512,512,512
cols,model.layers.17.mlp.down_proj.weight,3145728,2954438,2954437
rows,model.layers.17.mlp.down_proj.weight,3145728,2954349,2953559
cols,model.layers.17.mlp.gate_proj.weight,3145728,2955038,2955076
rows,model.layers.17.mlp.gate_proj.weight,3145728,2955208,2954751
cols,model.layers.17.mlp.up_proj.weight,3145728,2954218,2953944
rows,model.layers.17.mlp.up_proj.weight,3145728,2954192,2954306
cols,model.layers.17.post_attention_layernorm.weight,512,512,512
cols,model.layers.17.self_attn.k_norm.weight,32,32,32
cols,model.layers.17.self_attn.k_proj.weight,524288,518137,518077
rows,model.layers.17.self_attn.k_proj.weight,524288,517977,518018
cols,model.layers.17.self_attn.o_proj.weight,1048576,1024568,1024454
rows,model.layers.17.self_attn.o_proj.weight,1048576,1024475,1024460
cols,model.layers.17.self_attn.q_norm.weight,32,32,32
cols,model.layers.17.self_attn.q_proj.weight,1048576,1024542,1024853
rows,model.layers.17.self_attn.q_proj.weight,1048576,1024463,1024955
cols,model.layers.17.self_attn.v_proj.weight,524288,517991,518113
rows,model.layers.17.self_attn.v_proj.weight,524288,518060,518149
cols,model.layers.18.input_layernorm.weight,512,512,512
cols,model.layers.18.mlp.down_proj.weight,3145728,2955290,2954500
rows,model.layers.18.mlp.down_proj.weight,3145728,2954968,2954870
cols,model.layers.18.mlp.gate_proj.weight,3145728,2954578,2954710
rows,model.layers.18.mlp.gate_proj.weight,3145728,2953744,2954501
cols,model.layers.18.mlp.up_proj.weight,3145728,2954958,2954265
rows,model.layers.18.mlp.up_proj.weight,3145728,2953909,2954833
cols,model.layers.18.post_attention_layernorm.weight,512,512,512
cols,model.layers.18.self_attn.k_norm.weight,32,32,32
cols,model.layers.18.self_attn.k_proj.weight,524288,518185,518024
rows,model.layers.18.self_attn.k_proj.weight,524288,518022,518030
cols,model.layers.18.self_attn.o_proj.weight,1048576,1024665,1024575
rows,model.layers.18.self_attn.o_proj.weight,1048576,1024772,1024731
cols,model.layers.18.self_attn.q_norm.weight,32,32,32
cols,model.layers.18.self_attn.q_proj.weight,1048576,1024590,1024528
rows,model.layers.18.self_attn.q_proj.weight,1048576,1024435,1024437
cols,model.layers.18.self_attn.v_proj.weight,524288,518045,518079
rows,model.layers.18.self_attn.v_proj.weight,524288,517982,517982
cols,model.layers.19.input_layernorm.weight,512,512,512
cols,model.layers.19.mlp.down_proj.weight,3145728,2954285,2955337
rows,model.layers.19.mlp.down_proj.weight,3145728,2954140,2955036
cols,model.layers.19.mlp.gate_proj.weight,3145728,2954671,2955785
rows,model.layers.19.mlp.gate_proj.weight,3145728,2955270,2953973
cols,model.layers.19.mlp.up_proj.weight,3145728,2953948,2954252
rows,model.layers.19.mlp.up_proj.weight,3145728,2953783,2954110
cols,model.layers.19.post_attention_layernorm.weight,512,511,511
cols,model.layers.19.self_attn.k_norm.weight,32,32,32
cols,model.layers.19.self_attn.k_proj.weight,524288,517986,517986
rows,model.layers.19.self_attn.k_proj.weight,524288,518154,518075
cols,model.layers.19.self_attn.o_proj.weight,1048576,1024714,1024438
rows,model.layers.19.self_attn.o_proj.weight,1048576,1024781,1024299
cols,model.layers.19.self_attn.q_norm.weight,32,32,32
cols,model.layers.19.self_attn.q_proj.weight,1048576,1024587,1024690
rows,model.layers.19.self_attn.q_proj.weight,1048576,1024365,1024777
cols,model.layers.19.self_attn.v_proj.weight,524288,518020,517999
rows,model.layers.19.self_attn.v_proj.weight,524288,518017,518189
cols,model.layers.20.input_layernorm.weight,512,512,511
cols,model.layers.20.mlp.down_proj.weight,3145728,2954478,2954478
rows,model.layers.20.mlp.down_proj.weight,3145728,2955034,2955065
cols,model.layers.20.mlp.gate_proj.weight,3145728,2954521,2954657
rows,model.layers.20.mlp.gate_proj.weight,3145728,2954628,2954628
cols,model.layers.20.mlp.up_proj.weight,3145728,2955038,2954178
rows,model.layers.20.mlp.up_proj.weight,3145728,2954669,2954630
cols,model.layers.20.post_attention_layernorm.weight,512,512,512
cols,model.layers.20.self_attn.k_norm.weight,32,32,32
cols,model.layers.20.self_attn.k_proj.weight,524288,517948,518111
rows,model.layers.20.self_attn.k_proj.weight,524288,518165,517997
cols,model.layers.20.self_attn.o_proj.weight,1048576,1024597,1024662
rows,model.layers.20.self_attn.o_proj.weight,1048576,1024681,1024523
cols,model.layers.20.self_attn.q_norm.weight,32,32,32
cols,model.layers.20.self_attn.q_proj.weight,1048576,1024392,1024749
rows,model.layers.20.self_attn.q_proj.weight,1048576,1024424,1024526
cols,model.layers.20.self_attn.v_proj.weight,524288,518151,518009
rows,model.layers.20.self_attn.v_proj.weight,524288,517943,518057
cols,model.layers.21.input_layernorm.weight,512,512,512
cols,model.layers.21.mlp.down_proj.weight,3145728,2954228,2954297
rows,model.layers.21.mlp.down_proj.weight,3145728,2953596,2953955
cols,model.layers.21.mlp.gate_proj.weight,3145728,2954170,2953752
rows,model.layers.21.mlp.gate_proj.weight,3145728,2953929,2954513
cols,model.layers.21.mlp.up_proj.weight,3145728,2954319,2955241
rows,model.layers.21.mlp.up_proj.weight,3145728,2954868,2955330
cols,model.layers.21.post_attention_layernorm.weight,512,511,512
cols,model.layers.21.self_attn.k_norm.weight,32,32,32
cols,model.layers.21.self_attn.k_proj.weight,524288,517971,518183
rows,model.layers.21.self_attn.k_proj.weight,524288,517997,518056
cols,model.layers.21.self_attn.o_proj.weight,1048576,1024591,1024385
rows,model.layers.21.self_attn.o_proj.weight,1048576,1024552,1024473
cols,model.layers.21.self_attn.q_norm.weight,32,32,32
cols,model.layers.21.self_attn.q_proj.weight,1048576,1024711,1024709
rows,model.layers.21.self_attn.q_proj.weight,1048576,1024604,1024372
cols,model.layers.21.self_attn.v_proj.weight,524288,518246,518079
rows,model.layers.21.self_attn.v_proj.weight,524288,517895,518099
cols,model.layers.22.input_layernorm.weight,512,512,512
cols,model.layers.22.mlp.down_proj.weight,3145728,2954265,2954506
rows,model.layers.22.mlp.down_proj.weight,3145728,2954528,2954571
cols,model.layers.22.mlp.gate_proj.weight,3145728,2954440,2954879
rows,model.layers.22.mlp.gate_proj.weight,3145728,2954497,2955023
cols,model.layers.22.mlp.up_proj.weight,3145728,2954719,2953750
rows,model.layers.22.mlp.up_proj.weight,3145728,2954215,2954347
cols,model.layers.22.post_attention_layernorm.weight,512,512,512
cols,model.layers.22.self_attn.k_norm.weight,32,32,32
cols,model.layers.22.self_attn.k_proj.weight,524288,517986,517996
rows,model.layers.22.self_attn.k_proj.weight,524288,518131,517893
cols,model.layers.22.self_attn.o_proj.weight,1048576,1024288,1024388
rows,model.layers.22.self_attn.o_proj.weight,1048576,1024722,1024724
cols,model.layers.22.self_attn.q_norm.weight,32,32,32
cols,model.layers.22.self_attn.q_proj.weight,1048576,1024580,1024435
rows,model.layers.22.self_attn.q_proj.weight,1048576,1024690,1024482
cols,model.layers.22.self_attn.v_proj.weight,524288,518053,518194
rows,model.layers.22.self_attn.v_proj.weight,524288,518057,518078
cols,model.layers.23.input_layernorm.weight,512,512,510
cols,model.layers.23.mlp.down_proj.weight,3145728,2953553,2954546
rows,model.layers.23.mlp.down_proj.weight,3145728,2954332,2954601
cols,model.layers.23.mlp.gate_proj.weight,3145728,2954953,2954538
rows,model.layers.23.mlp.gate_proj.weight,3145728,2954593,2955050
cols,model.layers.23.mlp.up_proj.weight,3145728,2954292,2953846
rows,model.layers.23.mlp.up_proj.weight,3145728,2954651,2954691
cols,model.layers.23.post_attention_layernorm.weight,512,510,511
cols,model.layers.23.self_attn.k_norm.weight,32,32,32
cols,model.layers.23.self_attn.k_proj.weight,524288,518090,518062
rows,model.layers.23.self_attn.k_proj.weight,524288,518237,518052
cols,model.layers.23.self_attn.o_proj.weight,1048576,1024378,1024747
rows,model.layers.23.self_attn.o_proj.weight,1048576,1024753,1024600
cols,model.layers.23.self_attn.q_norm.weight,32,32,32
cols,model.layers.23.self_attn.q_proj.weight,1048576,1024204,1024857
rows,model.layers.23.self_attn.q_proj.weight,1048576,1024375,1024321
cols,model.layers.23.self_attn.v_proj.weight,524288,518078,518038
rows,model.layers.23.self_attn.v_proj.weight,524288,518134,518198
cols,model.layers.24.input_layernorm.weight,512,511,512
cols,model.layers.24.mlp.down_proj.weight,3145728,2953904,2953767
rows,model.layers.24.mlp.down_proj.weight,3145728,2953863,2954665
cols,model.layers.24.mlp.gate_proj.weight,3145728,2954885,2954932
rows,model.layers.24.mlp.gate_proj.weight,3145728,2955136,2954359
cols,model.layers.24.mlp.up_proj.weight,3145728,2954635,2954249
rows,model.layers.24.mlp.up_proj.weight,3145728,2954118,2954204
cols,model.layers.24.post_attention_layernorm.weight,512,508,510
cols,model.layers.24.self_attn.k_norm.weight,32,32,32
cols,model.layers.24.self_attn.k_proj.weight,524288,518070,518147
rows,model.layers.24.self_attn.k_proj.weight,524288,518031,518054
cols,model.layers.24.self_attn.o_proj.weight,1048576,1024592,1024471
rows,model.layers.24.self_attn.o_proj.weight,1048576,1024653,1024758
cols,model.layers.24.self_attn.q_norm.weight,32,32,32
cols,model.layers.24.self_attn.q_proj.weight,1048576,1024401,1024493
rows,model.layers.24.self_attn.q_proj.weight,1048576,1024382,1024531
cols,model.layers.24.self_attn.v_proj.weight,524288,518148,518050
rows,model.layers.24.self_attn.v_proj.weight,524288,518019,518108
cols,model.layers.25.input_layernorm.weight,512,511,511
cols,model.layers.25.mlp.down_proj.weight,3145728,2954495,2954597
rows,model.layers.25.mlp.down_proj.weight,3145728,2954080,2954611
cols,model.layers.25.mlp.gate_proj.weight,3145728,2954232,2954771
rows,model.layers.25.mlp.gate_proj.weight,3145728,2954954,2954391
cols,model.layers.25.mlp.up_proj.weight,3145728,2954203,2953718
rows,model.layers.25.mlp.up_proj.weight,3145728,2954529,2954401
cols,model.layers.25.post_attention_layernorm.weight,512,506,502
cols,model.layers.25.self_attn.k_norm.weight,32,32,32
cols,model.layers.25.self_attn.k_proj.weight,524288,518147,518087
rows,model.layers.25.self_attn.k_proj.weight,524288,517966,518029
cols,model.layers.25.self_attn.o_proj.weight,1048576,1024565,1024399
rows,model.layers.25.self_attn.o_proj.weight,1048576,1024544,1024771
cols,model.layers.25.self_attn.q_norm.weight,32,32,32
cols,model.layers.25.self_attn.q_proj.weight,1048576,1024711,1024279
rows,model.layers.25.self_attn.q_proj.weight,1048576,1024687,1024428
cols,model.layers.25.self_attn.v_proj.weight,524288,518104,518019
rows,model.layers.25.self_attn.v_proj.weight,524288,518051,518039
cols,model.layers.26.input_layernorm.weight,512,512,512
cols,model.layers.26.mlp.down_proj.weight,3145728,2953854,2953845
rows,model.layers.26.mlp.down_proj.weight,3145728,2954370,2955400
cols,model.layers.26.mlp.gate_proj.weight,3145728,2955236,2954219
rows,model.layers.26.mlp.gate_proj.weight,3145728,2953871,2954989
cols,model.layers.26.mlp.up_proj.weight,3145728,2953739,2954137
rows,model.layers.26.mlp.up_proj.weight,3145728,2954208,2955064
cols,model.layers.26.post_attention_layernorm.weight,512,508,503
cols,model.layers.26.self_attn.k_norm.weight,32,32,32
cols,model.layers.26.self_attn.k_proj.weight,524288,518028,518027
rows,model.layers.26.self_attn.k_proj.weight,524288,518017,518040
cols,model.layers.26.self_attn.o_proj.weight,1048576,1024386,1024481
rows,model.layers.26.self_attn.o_proj.weight,1048576,1024451,1024697
cols,model.layers.26.self_attn.q_norm.weight,32,32,32
cols,model.layers.26.self_attn.q_proj.weight,1048576,1024563,1024582
rows,model.layers.26.self_attn.q_proj.weight,1048576,1024406,1024574
cols,model.layers.26.self_attn.v_proj.weight,524288,518131,518065
rows,model.layers.26.self_attn.v_proj.weight,524288,518069,518125
cols,model.layers.27.input_layernorm.weight,512,512,511
cols,model.layers.27.mlp.down_proj.weight,3145728,2954397,2954421
rows,model.layers.27.mlp.down_proj.weight,3145728,2954856,2954569
cols,model.layers.27.mlp.gate_proj.weight,3145728,2954671,2953857
rows,model.layers.27.mlp.gate_proj.weight,3145728,2954071,2954613
cols,model.layers.27.mlp.up_proj.weight,3145728,2955090,2954209
rows,model.layers.27.mlp.up_proj.weight,3145728,2954574,2953740
cols,model.layers.27.post_attention_layernorm.weight,512,512,510
cols,model.layers.27.self_attn.k_norm.weight,32,32,32
cols,model.layers.27.self_attn.k_proj.weight,524288,518139,518102
rows,model.layers.27.self_attn.k_proj.weight,524288,518088,517983
cols,model.layers.27.self_attn.o_proj.weight,1048576,1024635,1024630
rows,model.layers.27.self_attn.o_proj.weight,1048576,1024613,1024684
cols,model.layers.27.self_attn.q_norm.weight,32,32,32
cols,model.layers.27.self_attn.q_proj.weight,1048576,1024491,1024489
rows,model.layers.27.self_attn.q_proj.weight,1048576,1024617,1024592
cols,model.layers.27.self_attn.v_proj.weight,524288,518124,518134
rows,model.layers.27.self_attn.v_proj.weight,524288,518073,518025
cols,model.norm.weight,512,511,511
gate×up,model.layers.0,6291456,5627114,5627508
q×k,model.layers.0,2097152,2006229,2007242
up×downᵀ,model.layers.0,6291456,5616844,5628274
q×oᵀ,model.layers.0,2097152,2007281,2007586
gate×up,model.layers.1,6291456,5627605,5627060
q×k,model.layers.1,2097152,2006510,2006863
up×downᵀ,model.layers.1,6291456,5619687,5627887
q×oᵀ,model.layers.1,2097152,2006880,2006713
gate×up,model.layers.2,6291456,5628597,5628986
q×k,model.layers.2,2097152,2006950,2007532
up×downᵀ,model.layers.2,6291456,5607064,5626942
q×oᵀ,model.layers.2,2097152,2007188,2007117
gate×up,model.layers.3,6291456,5627642,5628024
q×k,model.layers.3,2097152,2007136,2007135
up×downᵀ,model.layers.3,6291456,5597602,5626700
q×oᵀ,model.layers.3,2097152,2007468,2007136
gate×up,model.layers.4,6291456,5627348,5629199
q×k,model.layers.4,2097152,2007322,2007089
up×downᵀ,model.layers.4,6291456,5589648,5627863
q×oᵀ,model.layers.4,2097152,2007472,2006777
gate×up,model.layers.5,6291456,5626849,5626835
q×k,model.layers.5,2097152,2006985,2007080
up×downᵀ,model.layers.5,6291456,5597279,5626127
q×oᵀ,model.layers.5,2097152,2007498,2007282
gate×up,model.layers.6,6291456,5626898,5627066
q×k,model.layers.6,2097152,2006521,2006719
up×downᵀ,model.layers.6,6291456,5598930,5626911
q×oᵀ,model.layers.6,2097152,2007322,2006847
gate×up,model.layers.7,6291456,5626954,5626306
q×k,model.layers.7,2097152,2006961,2007611
up×downᵀ,model.layers.7,6291456,5592064,5626395
q×oᵀ,model.layers.7,2097152,2007563,2007355
gate×up,model.layers.8,6291456,5626338,5627074
q×k,model.layers.8,2097152,2006849,2006986
up×downᵀ,model.layers.8,6291456,5605720,5627061
q×oᵀ,model.layers.8,2097152,2006959,2007206
gate×up,model.layers.9,6291456,5628228,5627799
q×k,model.layers.9,2097152,2006770,2007034
up×downᵀ,model.layers.9,6291456,5612517,5628768
q×oᵀ,model.layers.9,2097152,2007066,2006999
gate×up,model.layers.10,6291456,5628147,5628505
q×k,model.layers.10,2097152,2006605,2006600
up×downᵀ,model.layers.10,6291456,5623598,5627316
q×oᵀ,model.layers.10,2097152,2007360,2006789
gate×up,model.layers.11,6291456,5627995,5627898
q×k,model.layers.11,2097152,2006345,2006716
up×downᵀ,model.layers.11,6291456,5625975,5627072
q×oᵀ,model.layers.11,2097152,2007368,2007064
gate×up,model.layers.12,6291456,5628024,5627952
q×k,model.layers.12,2097152,2006830,2006710
up×downᵀ,model.layers.12,6291456,5626596,5625835
q×oᵀ,model.layers.12,2097152,2007147,2007237
gate×up,model.layers.13,6291456,5627147,5628419
q×k,model.layers.13,2097152,2006522,2006614
up×downᵀ,model.layers.13,6291456,5627577,5626573
q×oᵀ,model.layers.13,2097152,2007607,2007203
gate×up,model.layers.14,6291456,5627547,5627118
q×k,model.layers.14,2097152,2007080,2007778
up×downᵀ,model.layers.14,6291456,5626475,5627178
q×oᵀ,model.layers.14,2097152,2007220,2007379
gate×up,model.layers.15,6291456,5627869,5628193
q×k,model.layers.15,2097152,2006667,2006539
up×downᵀ,model.layers.15,6291456,5626874,5629280
q×oᵀ,model.layers.15,2097152,2006652,2006949
gate×up,model.layers.16,6291456,5629035,5628870
q×k,model.layers.16,2097152,2006754,2006710
up×downᵀ,model.layers.16,6291456,5625340,5627980
q×oᵀ,model.layers.16,2097152,2007216,2007156
gate×up,model.layers.17,6291456,5627779,5628203
q×k,model.layers.17,2097152,2007100,2006298
up×downᵀ,model.layers.17,6291456,5626148,5626333
q×oᵀ,model.layers.17,2097152,2007225,2007223
gate×up,model.layers.18,6291456,5627836,5626425
q×k,model.layers.18,2097152,2006352,2007129
up×downᵀ,model.layers.18,6291456,5626193,5628245
q×oᵀ,model.layers.18,2097152,2007707,2007281
gate×up,model.layers.19,6291456,5628960,5627563
q×k,model.layers.19,2097152,2007052,2007010
up×downᵀ,model.layers.19,6291456,5627800,5628073
q×oᵀ,model.layers.19,2097152,2006608,2006993
gate×up,model.layers.20,6291456,5627177,5628114
q×k,model.layers.20,2097152,2006754,2007178
up×downᵀ,model.layers.20,6291456,5626455,5627151
q×oᵀ,model.layers.20,2097152,2007386,2007371
gate×up,model.layers.21,6291456,5627249,5627459
q×k,model.layers.21,2097152,2006923,2006356
up×downᵀ,model.layers.21,6291456,5624797,5627667
q×oᵀ,model.layers.21,2097152,2007525,2007295
gate×up,model.layers.22,6291456,5628141,5627313
q×k,model.layers.22,2097152,2006584,2007006
up×downᵀ,model.layers.22,6291456,5625030,5627103
q×oᵀ,model.layers.22,2097152,2007267,2007115
gate×up,model.layers.23,6291456,5627397,5627828
q×k,model.layers.23,2097152,2006863,2006890
up×downᵀ,model.layers.23,6291456,5626038,5627403
q×oᵀ,model.layers.23,2097152,2006925,2007350
gate×up,model.layers.24,6291456,5627091,5628828
q×k,model.layers.24,2097152,2007642,2007106
up×downᵀ,model.layers.24,6291456,5620855,5626951
q×oᵀ,model.layers.24,2097152,2007312,2006738
gate×up,model.layers.25,6291456,5625869,5626878
q×k,model.layers.25,2097152,2006316,2006846
up×downᵀ,model.layers.25,6291456,5617029,5626931
q×oᵀ,model.layers.25,2097152,2007056,2006952
gate×up,model.layers.26,6291456,5627249,5625776
q×k,model.layers.26,2097152,2006109,2006337
up×downᵀ,model.layers.26,6291456,5605273,5627987
q×oᵀ,model.layers.26,2097152,2007156,2008021
gate×up,model.layers.27,6291456,5627049,5626199
q×k,model.layers.27,2097152,2007352,2007634
up×downᵀ,model.layers.27,6291456,5594476,5627994
q×oᵀ,model.layers.27,2097152,2007320,2007568
