shift,matches_real,matches_shuffled
0,186133,185252
1,184244,184554
2,184717,185359
3,185039,185288
4,185307,184664
5,185335,185004
6,184598,185182
7,184935,185136
8,185252,184942
9,185447,184656
10,185424,185747
11,185064,185505
12,185638,185203
13,185230,184965
14,185600,185474
15,185690,186069
16,185242,184856
17,185239,184972
18,185169,185813
19,184934,185421
20,185396,185579
21,185080,185434
22,184275,184997
23,185393,185766
24,184923,185155
25,184494,185260
26,185234,185158
27,185409,184490
28,185650,184936
29,185282,186150
30,185390,185118
31,184769,184942
32,185148,185531
33,184436,185986
34,185353,186083
35,184833,184431
36,184981,185193
37,186004,184705
38,184970,184512
39,185467,185004
40,185223,184723
41,184803,185319
42,185282,184914
43,185620,185199
44,185091,184889
45,185781,185479
46,184956,185298
47,184933,185227
48,185262,186018
49,184788,185374
50,185739,185201
51,185048,185290
52,185575,185764
53,185500,184339
54,185241,185800
55,184983,185050
56,185543,185177
57,185097,185475
58,184916,184382
59,184761,185178
60,185567,186690
61,185332,185463
62,185257,186140
63,185337,185023
64,185188,185696
65,185328,184881
66,185676,185413
67,184677,184822
68,185256,185102
69,184599,185507
70,184521,184998
71,185003,185764
72,185225,185492
73,185255,184928
74,185459,185316
75,184544,185131
76,184897,185415
77,185838,185168
78,185060,185563
79,185318,185245
80,185627,184718
81,185002,185253
82,186076,184470
83,185837,184886
84,185258,185103
85,184847,184747
86,185536,184655
87,184979,185481
88,185671,185733
89,185325,184845
90,185403,184941
91,184529,185274
92,185241,185002
93,184898,185875
94,185013,186178
95,185815,185679
96,185768,185238
97,185291,186115
98,185334,185098
99,186044,185253
100,186052,184812
101,185087,185125
102,184573,185152
103,185858,185393
104,185959,185738
105,184990,185133
106,186378,185327
107,184900,184735
108,185400,185354
109,185407,185528
110,185059,184889
111,185135,184933
112,185045,185459
113,186042,184885
114,184690,184850
115,185270,186020
116,185002,185174
117,185554,184560
118,185437,184334
119,185615,184924
120,185456,184214
121,184794,185937
122,184721,185357
123,185068,186408
124,185028,184728
125,185805,185207
126,185239,185148
127,185402,185011
128,185506,185035
129,185438,185161
130,185520,184374
131,185413,184858
132,185287,184955
133,185305,185398
134,185281,185650
135,184977,184324
136,183854,185521
137,185890,185410
138,184913,185046
139,184864,185593
140,185161,185629
141,184809,184603
142,185181,185278
143,185585,185421
144,184827,185532
145,185956,185504
146,186010,185267
147,185360,185042
148,184979,185220
149,185747,184877
150,185346,185083
151,185475,185111
152,185335,185031
153,184887,184990
154,184755,185932
155,185259,186010
156,185455,185568
157,185632,185285
158,184561,185325
159,185028,184433
160,185232,185233
161,185702,185952
162,185690,184739
163,185508,185549
164,185430,185370
165,185425,185022
166,185928,185473
167,184977,184839
168,184940,184858
169,185093,185471
170,186065,185487
171,185120,184802
172,184969,184891
173,185785,185559
174,184952,185631
175,185801,185041
176,185639,185903
177,184977,185055
178,185176,185676
179,185540,184741
180,185564,185828
181,185882,184929
182,184533,184678
183,185261,185553
184,185316,185729
185,184762,185549
186,185246,185023
187,184800,184930
188,185494,184791
189,185465,185436
190,184837,184477
191,185923,184553
192,184628,185402
193,185749,185547
194,184604,185307
195,184966,185166
196,185220,185009
197,185095,184786
198,185487,184640
199,185040,185518
200,186389,185340
201,184452,185368
202,184871,185725
203,185134,184949
204,185741,184838
205,185652,185429
206,185120,185697
207,185912,185210
208,184916,185333
209,184811,185132
210,185459,185426
211,185658,184316
212,185347,184642
213,185364,184903
214,184616,185568
215,185404,185464
216,184751,185406
217,185862,185896
218,185499,184895
219,185237,185258
220,185098,185482
221,185527,184366
222,185279,184568
223,184855,185322
224,185155,185128
225,185149,185426
226,185319,185123
227,185284,184832
228,185852,185306
229,184640,185044
230,184694,184634
231,185239,184900
232,185245,185415
233,186089,185325
234,184741,185788
235,185640,184894
236,185483,184946
237,185777,185735
238,185181,185525
239,184943,185032
240,185203,185673
241,185361,184836
242,185845,185479
243,185580,185051
244,184257,185113
245,186664,185238
246,184686,185190
247,184744,185128
248,184712,185029
249,185546,184814
250,185499,185394
251,185038,185510
252,185482,185475
253,185339,185653
254,184843,184990
255,185616,184792
256,185411,185726
257,184718,185861
258,184820,184819
259,185177,184836
260,185071,185515
261,184666,185355
262,185868,185442
263,185169,185080
264,185041,184830
265,184822,184403
266,186040,185058
267,186282,185774
268,184784,185047
269,185026,185188
270,185668,185211
271,185286,185432
272,185287,185277
273,186267,185275
274,185297,185075
275,184316,185053
276,184682,186110
277,185120,184746
278,184966,184925
279,184968,185093
280,185687,183913
281,184152,184601
282,184940,184635
283,185590,186024
284,184945,185619
285,184827,185588
286,185494,184858
287,185636,185358
288,184693,184861
289,184883,184824
290,184838,184709
291,184395,184798
292,185875,185424
293,185500,184797
294,185441,184698
295,184877,185687
296,185995,185692
297,185786,184729
298,184765,185901
299,185357,184959
300,184745,185411
301,185326,186381
302,184723,185671
303,186127,185275
304,185100,184562
305,185496,185161
306,185173,185518
307,184690,185377
308,185004,184417
309,185031,184510
310,185119,184913
311,185142,185424
312,184789,185011
313,184980,185107
314,185129,184978
315,185566,185358
316,185301,185137
317,185080,184992
318,184998,185382
319,185093,185517
320,185203,185079
321,185035,185388
322,185705,184788
323,185349,185051
324,185181,185428
325,185040,185198
326,185012,185350
327,185524,184730
328,185552,185167
329,185229,184010
330,185393,185427
331,185446,185094
332,185159,185765
333,185215,185623
334,185422,185744
335,185557,185514
336,186405,184725
337,185790,185738
338,185159,185383
339,185873,185171
340,184793,185244
341,185230,185864
342,184525,185386
343,184454,185194
344,185145,185641
345,185275,185186
346,184896,184393
347,184564,185764
348,185094,185645
349,186112,184626
350,186081,184855
351,185177,185201
352,184616,185453
353,185085,185457
354,184906,185244
355,184736,185167
356,184684,185181
357,185223,185721
358,184639,186107
359,185101,185172
360,185326,186004
361,185143,185224
362,184688,185250
363,185565,184664
364,185386,186089
365,185373,185119
366,184780,185444
367,185059,186165
368,186104,184932
369,185441,185394
370,185962,185906
371,184630,185024
372,185262,185397
373,185681,184940
374,184651,185080
375,184648,185909
376,184489,185708
377,185356,184966
378,185191,185034
379,184325,185287
380,185783,185162
381,185039,185168
382,185303,185778
383,184784,185086
384,185197,185157
385,184903,186055
386,186186,184948
387,184876,185374
388,185160,185126
389,184806,185205
390,185807,185589
391,185229,185270
392,184878,185369
393,185515,185347
394,185021,185330
395,184411,185076
396,185596,185525
397,185359,185621
398,184901,184895
399,185347,185786
400,185951,185183
401,185517,184831
402,185086,185165
403,184661,185242
404,184854,185916
405,184898,185421
406,184521,185849
407,185731,184924
408,185223,185134
409,185632,184847
410,185769,184904
411,184771,185520
412,185931,184986
413,184656,185249
414,185278,185829
415,186367,185178
416,185012,185484
417,185488,185215
418,184389,185161
419,184352,185581
420,185222,185568
421,184938,185572
422,184577,185772
423,185489,184750
424,185283,185554
425,185464,185664
426,185074,185530
427,184954,185191
428,185470,185158
429,185175,185127
430,185505,185071
431,185654,185948
432,185631,184787
433,185037,184717
434,184919,185005
435,185680,185386
436,185018,185738
437,185144,184953
438,185697,184795
439,185673,185275
440,185423,184506
441,185349,186104
442,185018,185539
443,185408,185597
444,185027,184669
445,185478,186045
446,185290,185573
447,185696,185484
448,185299,184965
449,184901,185259
450,185440,185838
451,185795,185140
452,185430,185988
453,185609,185398
454,184409,184775
455,185453,185165
456,184920,185301
457,184594,184901
458,185165,184088
459,185543,185582
460,185563,185777
461,185493,185197
462,185113,185528
463,184707,185452
464,184799,184501
465,184898,184719
466,185171,185638
467,184945,185301
468,185100,185221
469,185578,185242
470,185371,185218
471,184502,185387
472,184936,185817
473,185238,185295
474,185052,185552
475,185173,185194
476,185041,185932
477,185386,185170
478,184921,185088
479,184615,184954
480,184957,184496
481,185110,184743
482,185286,185293
483,185033,185811
484,186211,185069
485,185153,185031
486,184385,184963
487,184519,185706
488,185834,185326
489,185138,183903
490,185115,185297
491,184986,185085
492,185592,185244
493,185487,184837
494,184875,185070
495,184757,183987
496,185724,185476
497,185277,184966
498,185270,185181
499,185372,184409
500,185002,185309
501,185319,185068
502,185150,185140
503,186077,185142
504,185361,185356
505,185031,185019
506,185309,185402
507,185651,185392
508,185482,185289
509,185350,185408
510,184465,185783
511,185084,185583
512,185026,185560
513,185618,185773
514,185422,185191
515,184948,185400
516,184809,185697
517,185472,185918
518,185369,184802
519,184910,184685
520,185271,185314
521,185300,185822
522,184504,185267
523,184967,185192
524,184860,185202
525,185747,185291
526,184444,184856
527,185513,185197
528,185814,185261
529,185344,184956
530,184590,184615
531,185121,184985
532,185239,185158
533,185244,184525
534,185003,185599
535,185373,185187
536,184263,185419
537,185634,184906
538,186025,185633
539,185509,185700
540,186242,185344
541,185182,184408
542,185169,184680
543,184520,185363
544,184615,184884
545,185254,184607
546,184988,186259
547,185241,185120
548,184747,185190
549,185952,185310
550,185261,185408
551,185111,184656
552,184657,185421
553,184895,185769
554,185274,185680
555,184782,185598
556,185515,184991
557,184989,185131
558,185611,185978
559,184866,184764
560,184944,185170
561,185838,185568
562,185692,184182
563,184920,184766
564,185122,185901
565,185003,184750
566,185203,184637
567,185136,185986
568,184621,184969
569,185304,185670
570,185712,185308
571,185366,184454
572,185050,185119
573,184827,185586
574,184691,185127
575,185301,184314
576,185294,185523
577,185251,185023
578,184484,185350
579,184645,185806
580,185423,185320
581,185212,185423
582,184996,184922
583,185545,185412
584,185527,185289
585,185520,185207
586,185645,185817
587,185006,184035
588,185593,185423
589,185936,185868
590,185127,186050
591,185406,184761
592,184750,184874
593,185930,185162
594,185192,185200
595,185005,185288
596,185460,185347
597,185103,185519
598,185190,185768
599,185689,185243
600,185321,185178
601,185355,185213
602,185709,185127
603,184807,185226
604,185124,184848
605,185086,185158
606,185813,185255
607,185694,184611
608,185091,185083
609,185810,184917
610,185521,185170
611,185375,185686
612,185448,185419
613,185656,184465
614,185405,184950
615,185477,185222
616,185314,184780
617,185398,184752
618,185221,185049
619,185087,185500
620,184622,184935
621,184580,185439
622,184830,185555
623,184784,185161
624,185209,185425
625,184980,184577
626,185450,184867
627,185531,185827
628,185704,185104
629,184883,184999
630,185745,185621
631,185633,185480
632,185514,185091
633,185396,184689
634,184564,186057
635,185484,185811
636,184899,185046
637,185764,185718
638,186303,185661
639,184988,184951
640,185126,184614
641,186088,185528
642,185727,185491
643,185396,185211
644,184800,185745
645,185286,185485
646,184885,185119
647,185172,184950
648,185039,184649
649,185542,185340
650,184943,184992
651,184742,185090
652,185496,185556
653,184769,185352
654,184657,185315
655,184826,184555
656,185740,184342
657,185402,185358
658,184742,185828
659,185110,184911
660,185264,185021
661,184862,184622
662,184912,185006
663,185449,184892
664,184629,185412
665,184554,185528
666,185866,185780
667,185383,185404
668,185106,184418
669,184895,184835
670,184933,184685
671,185591,185578
672,185804,186001
673,185736,185456
674,186122,185420
675,185620,185527
676,185333,184797
677,185979,185614
678,185107,184629
679,184768,184867
680,185186,185205
681,185327,184226
682,185270,186177
683,184694,185923
684,185303,184644
685,185035,185225
686,185284,185758
687,185833,185272
688,185345,184864
689,185150,186393
690,185075,185786
691,185065,185366
692,184880,185468
693,185727,184793
694,185999,184991
695,184767,185196
696,185526,185084
697,185151,184922
698,185512,185081
699,184952,185448
700,184375,185042
701,184744,185338
702,184950,185401
703,185201,184942
704,185592,185644
705,185285,184340
706,185087,184893
707,184806,184879
708,185445,184986
709,184988,185115
710,185601,185314
711,185433,185408
712,185209,185885
713,184782,184606
714,184967,185223
715,184787,185615
716,185434,186131
717,185359,185375
718,185006,185666
719,186234,185641
720,184386,184531
721,184947,185068
722,184147,185922
723,184986,185285
724,184817,184670
725,185470,185479
726,186276,184709
727,185618,185301
728,184910,185469
729,185111,185474
730,184743,185367
731,185184,184960
732,184525,185842
733,185987,185578
734,185429,185017
735,185370,185740
736,185438,185480
737,185237,185272
738,184874,185226
739,185691,185775
740,185035,184758
741,185227,185238
742,186177,185439
743,185107,185076
744,184328,185562
745,185516,184735
746,185152,185225
747,185968,185290
748,185117,185600
749,185328,186031
750,184997,185219
751,185108,185477
752,185743,184740
753,185525,185611
754,185088,185316
755,185356,184992
756,184151,185867
757,185569,184764
758,185613,185279
759,184681,185652
760,185763,184893
761,185450,185899
762,185605,186091
763,185421,184983
764,185656,185598
765,186110,185703
766,185412,184803
767,185709,185479
768,184829,185382
769,184914,185545
770,185393,186169
771,185747,184761
772,184940,184424
773,184347,185025
774,184840,184962
775,184848,185311
776,185244,185652
777,184763,185435
778,185150,184618
779,185473,184886
780,185085,185962
781,185508,184826
782,185200,185725
783,184746,184832
784,184613,185585
785,185256,185260
786,184926,184705
787,185626,184625
788,185322,185719
789,186334,185049
790,184828,185518
791,185169,184925
792,184941,185283
793,185281,185560
794,184797,185436
795,185502,185249
796,184841,185582
797,185960,185094
798,186124,184698
799,185357,185773
800,184900,185557
801,185372,185564
802,185995,184521
803,184559,186439
804,185354,185341
805,184084,185629
806,184923,184849
807,185012,185421
808,185962,185233
809,184900,184452
810,185068,185742
811,184659,185039
812,185743,185166
813,184603,185130
814,184744,184679
815,184687,184898
816,184665,185140
817,184872,185980
818,185468,185266
819,185667,184908
820,185291,185425
821,185358,185911
822,185908,185125
823,184932,185902
824,185513,184628
825,185895,185672
826,185398,185184
827,185075,185191
828,185116,185038
829,185497,185236
830,185587,185136
831,185377,185436
832,184713,185224
833,185293,185334
834,185436,185455
835,184173,185690
836,185047,185954
837,184581,185969
838,185134,185152
839,185856,185139
840,185320,185510
841,185284,185065
842,185972,184604
843,184950,185790
844,185625,184561
845,185309,184541
846,185896,184209
847,185154,185044
848,185681,184816
849,185599,185401
850,185017,185142
851,184726,185310
852,184914,186032
853,185258,185164
854,185056,185715
855,185346,184797
856,184539,184388
857,185576,185186
858,185703,185727
859,185266,185469
860,185024,185249
861,186483,185014
862,186475,186339
863,184983,185158
864,185629,185041
865,185734,185180
866,184869,185137
867,184356,185283
868,185240,185648
869,185354,185438
870,185341,185431
871,185351,184854
872,185341,185391
873,184967,184892
874,185092,185583
875,184524,185884
876,185354,185801
877,185512,185837
878,185246,185211
879,185459,184869
880,185723,185593
881,185739,185286
882,185092,185051
883,185592,185526
884,185358,185749
885,185066,185462
886,184464,184619
887,185580,185371
888,185191,185220
889,184619,185438
890,185327,185355
891,184734,185002
892,184452,185368
893,185265,185665
894,184823,185661
895,185244,185518
896,184347,185010
897,184693,184946
898,185223,185072
899,185670,185399
900,185390,184561
901,184647,184489
902,185253,185230
903,185855,185109
904,185153,185279
905,184877,184230
906,185250,185304
907,185047,184753
908,185686,184689
909,185834,185064
910,185134,185125
911,185817,185126
912,184991,184825
913,184920,185342
914,185275,185052
915,185864,185377
916,184988,185391
917,185278,185539
918,185399,186212
919,185715,185279
920,185369,185254
921,185242,185408
922,185286,185101
923,184636,185282
924,185458,184383
925,184826,185216
926,185661,185639
927,185440,185265
928,185634,185343
929,185165,186286
930,185169,185519
931,185218,185318
932,185965,185950
933,184801,185882
934,185873,185384
935,185307,185349
936,184751,185545
937,185850,185199
938,185252,185334
939,185724,185424
940,185346,185346
941,184771,184869
942,185766,185559
943,185467,184915
944,185711,184941
945,185692,185595
946,184216,185551
947,185663,186017
948,184749,185196
949,184598,185936
950,184891,185153
951,184885,185234
952,185036,184835
953,185191,185587
954,185191,185282
955,184477,184592
956,185234,184965
957,184952,184772
958,185212,185336
959,184948,184653
960,185262,184818
961,184618,186224
962,185281,185055
963,185030,185784
964,185037,184751
965,186248,185295
966,185009,185313
967,186011,185102
968,184201,185331
969,185461,184474
970,185219,185554
971,185540,184355
972,184894,184540
973,184889,185282
974,185200,184687
975,185654,186352
976,184946,185208
977,185552,185715
978,185463,184917
979,184444,185030
980,185460,185073
981,185502,185746
982,185072,185451
983,185309,184997
984,184806,184787
985,185644,185865
986,185602,185419
987,185787,185742
988,185344,185793
989,184397,185616
990,184352,184978
991,185697,185398
992,184831,185455
993,184819,185002
994,184629,185195
995,185000,185225
996,185559,185454
997,184459,184978
998,186052,185500
999,185166,185273
1000,185458,185015
1001,185102,184581
1002,184677,185204
1003,185116,184605
1004,184615,184806
1005,185181,185472
1006,185422,185190
1007,184667,185895
1008,185165,185321
1009,184453,184936
1010,184490,185362
1011,185913,185130
1012,184931,185849
1013,185476,185491
1014,184093,184858
1015,185746,185863
1016,185433,185958
1017,184963,184654
1018,184764,185604
1019,185382,184775
1020,185215,184247
1021,185526,185589
1022,185097,185539
1023,185954,184996
1024,186140,184288
1025,185061,185957
1026,185224,185640
1027,185630,185067
1028,185062,185383
1029,184730,185456
1030,185168,185657
1031,185497,185025
1032,185730,185309
1033,184553,184883
1034,185691,184916
1035,184666,185256
1036,185288,183901
1037,184563,184990
1038,184942,184805
1039,185141,185016
1040,184544,185169
1041,185579,185458
1042,185565,185671
1043,185359,185270
1044,184613,185129
1045,185183,185831
1046,185350,185874
1047,184844,185032
1048,185246,185509
1049,184610,185473
1050,184749,184468
1051,185429,184954
1052,184882,184929
1053,185419,185040
1054,185251,184848
1055,185264,186167
1056,185731,185543
1057,185131,186074
1058,184760,185753
1059,184379,184971
1060,185754,184939
1061,185692,185002
1062,185465,185739
1063,185279,184715
1064,184490,185119
1065,184813,185352
1066,185004,185655
1067,184482,184469
1068,185442,184477
1069,183871,185362
1070,185481,185282
1071,185894,185388
1072,186660,185440
1073,184872,184626
1074,185594,185478
1075,184863,185318
1076,186226,184660
1077,185226,184819
1078,184549,185349
1079,185154,185182
1080,185321,185364
1081,184803,184993
1082,185241,184928
1083,184889,185208
1084,185421,185204
1085,185812,186016
1086,184822,185397
1087,185395,184629
1088,184594,185542
1089,185341,185259
1090,185433,185246
1091,185359,185201
1092,184750,185336
1093,184668,184843
1094,185447,184809
1095,184323,185370
1096,184898,185352
1097,185534,185726
1098,184717,185609
1099,185123,184960
1100,186002,184895
1101,185169,184822
1102,185289,185472
1103,185849,184783
1104,185697,186086
1105,185824,184734
1106,185003,185123
1107,184915,185689
1108,185368,184427
1109,185218,184720
1110,185180,185747
1111,185065,185022
1112,185260,185539
1113,185419,185041
1114,185143,185382
1115,185375,185257
1116,185575,184959
1117,186013,184991
1118,185450,186228
1119,184726,185088
1120,185375,185789
1121,184881,185477
1122,184895,185191
1123,185541,185573
1124,185700,185493
1125,185268,186264
1126,185837,184719
1127,185316,185419
1128,184733,185160
1129,185247,185568
1130,185020,184790
1131,185414,185251
1132,185413,185587
1133,185798,185345
1134,185238,184698
1135,185638,185379
1136,185280,185033
1137,185054,185187
1138,185014,185942
1139,185337,185387
1140,185086,185095
1141,185165,185696
1142,185001,185110
1143,185890,184915
1144,185074,184661
1145,185819,185377
1146,186028,184794
1147,185441,185228
1148,184677,185200
1149,184869,184631
1150,185395,184757
1151,184634,184915
1152,185776,185281
1153,185543,186041
1154,184793,184156
1155,185948,185233
1156,184543,185021
1157,184769,184660
1158,184250,185295
1159,185456,185108
1160,184697,185518
1161,185191,184686
1162,185115,184983
1163,185999,185034
1164,185200,185057
1165,185537,185820
1166,185432,185350
1167,185086,185419
1168,185151,185056
1169,185568,185646
1170,185523,184945
1171,185071,185644
1172,184810,184133
1173,183728,185283
1174,185484,185012
1175,185138,184419
1176,185657,185476
1177,183970,185118
1178,184964,183611
1179,185214,185212
1180,184952,184870
1181,184846,185857
1182,185661,184323
1183,185516,185368
1184,185093,184711
1185,184456,185474
1186,185847,185571
1187,185338,184616
1188,185507,185658
1189,185354,185470
1190,184923,185006
1191,185871,185850
1192,185379,185383
1193,184676,185283
1194,185618,185580
1195,184418,185770
1196,184348,185702
1197,184809,185558
1198,184337,185202
1199,185704,185139
1200,185664,185247
1201,185185,185552
1202,185641,185467
1203,184789,185715
1204,184889,185155
1205,185650,184940
1206,185419,184608
1207,184892,185488
1208,184788,185124
1209,185453,185232
1210,184651,185908
1211,185110,186479
1212,185679,184679
1213,184908,185293
1214,185981,184590
1215,185402,185203
1216,185455,185531
1217,184800,185420
1218,184660,185051
1219,185356,185469
1220,184411,185171
1221,185373,184749
1222,184543,185284
1223,185322,184920
1224,186369,185104
1225,185147,186145
1226,185081,184958
1227,184303,185765
1228,185214,185010
1229,184451,186147
1230,185658,185129
1231,184839,185334
1232,185074,185056
1233,184818,185087
1234,185087,184722
1235,185683,184737
1236,185707,185779
1237,184917,185587
1238,185732,185042
1239,185594,185137
1240,185321,185198
1241,185142,185004
1242,185234,185520
1243,185464,184599
1244,185533,185580
1245,184845,185760
1246,184975,185001
1247,185116,185448
1248,185334,185362
1249,186007,185683
1250,184630,185332
1251,185140,186493
1252,185844,185826
1253,184417,184944
1254,185010,185005
1255,185771,185573
1256,186366,184967
1257,185400,184936
1258,184836,184672
1259,185807,184824
1260,185212,184846
1261,185148,185000
1262,185569,185819
1263,184939,185088
1264,185645,185250
1265,185139,185130
1266,185007,184964
1267,185422,184880
1268,185610,184756
1269,185335,185963
1270,185553,184995
1271,185657,184395
1272,184664,184577
1273,184887,184873
1274,185396,185249
1275,184689,185392
1276,185657,185747
1277,185625,185408
1278,185512,184451
1279,185310,185828
1280,184950,185096
1281,185221,185673
1282,184549,185435
1283,185635,184927
1284,185546,185666
1285,185392,184907
1286,185572,185058
1287,184547,185053
1288,184862,186333
1289,185782,185761
1290,185210,185018
1291,184924,186207
1292,184787,185932
1293,185311,184718
1294,185449,185604
1295,185761,185097
1296,184864,186136
1297,185524,185172
1298,185463,185370
1299,185969,185513
1300,185567,185641
1301,185488,185693
1302,185701,185407
1303,185567,185700
1304,185164,185556
1305,185477,185037
1306,185359,185296
1307,185226,185287
1308,184466,185716
1309,185148,185450
1310,185746,184954
1311,185281,185541
1312,185334,185090
1313,185779,184990
1314,185564,185582
1315,185574,184397
1316,185253,185697
1317,186351,184870
1318,184942,185607
1319,185380,184633
1320,185229,185068
1321,185038,185454
1322,184982,185518
1323,184944,185521
1324,185115,185044
1325,185318,185089
1326,185913,185431
1327,184691,184799
1328,185006,185412
1329,184808,184316
1330,184562,185180
1331,185106,184897
1332,186056,185188
1333,185464,185487
1334,185180,184512
1335,185245,185033
1336,184958,185060
1337,185142,185796
1338,184991,185037
1339,185412,185664
1340,185373,185148
1341,186087,185022
1342,185553,184304
1343,185490,186374
1344,184304,185779
1345,184963,185450
1346,185426,185472
1347,184969,184925
1348,185739,185737
1349,185152,185591
1350,184992,185147
1351,184887,184426
1352,184805,185679
1353,185397,184731
1354,185190,185865
1355,185282,185646
1356,185000,184894
1357,184884,185547
1358,184982,185779
1359,185104,184892
1360,186257,184600
1361,186204,184725
1362,185417,185388
1363,184734,184576
1364,184950,185069
1365,185468,185824
1366,184721,184819
1367,185112,185754
1368,185636,185922
1369,185297,184712
1370,185045,185176
1371,185604,185279
1372,185564,186233
1373,184722,185180
1374,186148,185360
1375,184632,185358
1376,185144,185457
1377,184463,184889
1378,185033,185472
1379,185504,184632
1380,185721,184912
1381,185383,185231
1382,185371,185382
1383,185001,185602
1384,185385,184817
1385,184679,185836
1386,185500,185449
1387,185261,184673
1388,185205,184826
1389,185295,184760
1390,185468,185599
1391,185381,184764
1392,185689,186033
1393,184062,184390
1394,185395,185594
1395,185477,185073
1396,186017,185692
1397,184692,185156
1398,185562,185556
1399,185027,185423
1400,183988,185196
1401,185363,185168
1402,185717,184996
1403,186061,185410
1404,185149,185549
1405,185825,185158
1406,185206,185017
1407,185683,185378
1408,185710,184440
1409,185809,185199
1410,185453,185448
1411,185897,185776
1412,184851,184752
1413,184808,185109
1414,185576,185082
1415,184891,185238
1416,185498,185164
1417,185202,185720
1418,186019,185506
1419,185108,185140
1420,185276,186067
1421,185244,186181
1422,184954,185988
1423,185500,185122
1424,185053,185332
1425,185227,185792
1426,185247,185472
1427,185998,185421
1428,185356,185725
1429,185593,184518
1430,185294,185286
1431,184377,185848
1432,184523,184847
1433,184931,185693
1434,185065,185221
1435,185059,184828
1436,185044,185344
1437,185353,185671
1438,184977,185092
1439,185176,185017
1440,184695,185854
1441,185577,185878
1442,184854,184969
1443,184468,185410
1444,185701,184864
1445,185660,186118
1446,185460,185078
1447,184837,185650
1448,185505,185276
1449,185328,185891
1450,184437,185037
1451,185406,186098
1452,184622,185334
1453,185534,185712
1454,185072,186064
1455,185381,185091
1456,185214,184928
1457,184932,185377
1458,184881,185506
1459,185318,184966
1460,185759,184135
1461,185680,184705
1462,185350,185217
1463,185683,185294
1464,186050,184739
1465,184916,185595
1466,185141,185043
1467,185506,185126
1468,185612,185109
1469,185567,185661
1470,185650,185327
1471,185338,184413
1472,185089,185702
1473,185076,185080
1474,185369,185463
1475,185421,185568
1476,185214,185524
1477,184332,185425
1478,185474,185529
1479,185356,185209
1480,185450,185471
1481,185890,185103
1482,184508,184805
1483,184924,184730
1484,185025,185483
1485,185624,185741
1486,185242,185263
1487,184852,185250
1488,185021,185576
1489,185671,185606
1490,184573,185870
1491,184234,185116
1492,184838,184280
1493,185341,185108
1494,185398,185116
1495,185430,184706
1496,185147,185562
1497,185226,184724
1498,185764,185409
1499,184384,185796
1500,184319,185258
1501,185028,185393
1502,185362,185143
1503,185116,185519
1504,185100,185225
1505,185652,185656
1506,185026,185787
1507,186015,185494
1508,185538,185108
1509,184415,185352
1510,185407,185147
1511,185145,185708
1512,186225,185834
1513,185182,185682
1514,185961,184705
1515,184939,185118
1516,185446,184812
1517,185084,185300
1518,185228,185094
1519,184704,185095
1520,185491,186060
1521,185477,185711
1522,185146,184960
1523,184672,184883
1524,185297,185133
1525,185555,185471
1526,184938,185325
1527,185162,185526
1528,185837,186055
1529,185143,184615
1530,184963,185240
1531,185783,185025
1532,185730,185109
1533,185370,185129
1534,185180,185683
1535,185390,184613
1536,185092,185217
1537,185526,185299
1538,185301,185645
1539,185073,184756
1540,185442,185380
1541,185100,184849
1542,185645,184850
1543,184805,184550
1544,185095,185858
1545,185302,184715
1546,184916,185263
1547,184974,185303
1548,184326,184699
1549,185346,184400
1550,185678,184168
1551,185606,185264
1552,185527,185602
1553,185890,185075
1554,185613,186175
1555,185275,185102
1556,185347,185239
1557,184872,185200
1558,185515,186586
1559,185131,185630
1560,185703,184802
1561,185257,185253
1562,186437,184480
1563,185538,185389
1564,184787,185169
1565,184894,184736
1566,184673,184881
1567,185083,185544
1568,185750,184466
1569,185898,185596
1570,184673,185326
1571,185262,185185
1572,185120,185106
1573,185570,185721
1574,184561,185904
1575,185632,185803
1576,185352,184946
1577,185150,185455
1578,185268,184809
1579,185442,185586
1580,186110,185214
1581,185297,185605
1582,185489,185502
1583,185515,185511
1584,184955,185075
1585,184995,184875
1586,185560,184615
1587,185041,185015
1588,185429,185574
1589,184812,185926
1590,186142,184943
1591,185268,185284
1592,185322,184789
1593,185251,185458
1594,185088,185288
1595,185428,185669
1596,185515,184865
1597,184212,185330
1598,185144,185035
1599,185332,185617
1600,184768,184800
1601,185196,185467
1602,185065,184890
1603,185024,185711
1604,185880,184889
1605,185353,184906
1606,185331,184698
1607,185210,185465
1608,185150,185609
1609,184856,184750
1610,185359,185114
1611,185335,185233
1612,185195,184842
1613,185722,185234
1614,185569,185123
1615,184594,184879
1616,185095,186131
1617,184823,185087
1618,184919,185570
1619,185273,185241
1620,185262,185283
1621,185212,185687
1622,185550,184453
1623,185773,184763
1624,185667,186198
1625,185258,185166
1626,185920,185198
1627,185602,184902
1628,184788,185474
1629,185656,184436
1630,184669,185477
1631,185188,185590
1632,185377,185062
1633,185038,185072
1634,185096,185079
1635,185155,185077
1636,185112,184571
1637,184960,184549
1638,185171,185720
1639,185789,185743
1640,184682,185888
1641,184298,185161
1642,184921,184580
1643,184701,185422
1644,185814,186296
1645,184778,185022
1646,184425,185795
1647,184787,184638
1648,185140,185249
1649,185560,184135
1650,185841,185355
1651,185427,184993
1652,184945,185173
1653,185177,184287
1654,185505,184879
1655,185221,184923
1656,185667,184611
1657,185776,185606
1658,184906,185089
1659,185673,184846
1660,185559,185429
1661,185927,185215
1662,185601,184757
1663,185212,185021
1664,185190,185150
1665,185006,185011
1666,185674,185873
1667,184152,185395
1668,184867,185700
1669,184814,185044
1670,184931,185587
1671,185088,185883
1672,185042,185031
1673,185277,185266
1674,184626,185111
1675,184826,185677
1676,185336,185941
1677,185295,186213
1678,185369,185726
1679,185455,186130
1680,185035,184872
1681,185389,184975
1682,184955,185716
1683,184868,184382
1684,185564,184923
1685,185002,184441
1686,186166,184924
1687,185267,185187
1688,186193,185568
1689,185290,185408
1690,184773,185586
1691,184789,184903
1692,185535,185928
1693,184823,185222
1694,184717,185333
1695,185387,185258
1696,185420,185916
1697,185335,185608
1698,185550,185235
1699,186162,185807
1700,184754,184815
1701,185612,184937
1702,185728,185353
1703,185009,184889
1704,185746,185493
1705,185300,185863
1706,184005,184973
1707,185071,185010
1708,185782,185527
1709,185813,184666
1710,185706,185088
1711,185027,184424
1712,184823,185177
1713,184388,185874
1714,185498,185070
1715,184763,185266
1716,185153,185578
1717,185333,184982
1718,185750,184816
1719,185660,185293
1720,184764,185012
1721,184625,185199
1722,185115,185224
1723,184807,185132
1724,184652,185673
1725,185494,184576
1726,185853,184775
1727,184794,185876
1728,186440,185464
1729,185423,184659
1730,185092,185472
1731,184874,184958
1732,185541,185078
1733,185140,184953
1734,185879,184678
1735,185054,184660
1736,185387,185293
1737,185858,184728
1738,185427,185244
1739,184880,185588
1740,184533,185583
1741,184065,185005
1742,185594,185410
1743,184931,185437
1744,185748,184575
1745,184426,185586
1746,185838,185109
1747,184710,185024
1748,184865,185057
1749,185772,184561
1750,185553,185688
1751,185602,185364
1752,185017,185253
1753,184714,185022
1754,185947,185019
1755,185066,185248
1756,185441,185445
1757,184748,185472
1758,185194,185939
1759,184842,185581
1760,185723,184180
1761,186031,185531
1762,185011,185511
1763,184664,184767
1764,185202,185252
1765,185489,185204
1766,185737,185023
1767,184898,184955
1768,184924,185394
1769,185018,185071
1770,185216,184591
1771,184688,184923
1772,185200,186232
1773,185086,185877
1774,185188,185577
1775,185564,184729
1776,184800,185280
1777,185235,185967
1778,185464,185496
1779,185602,185434
1780,185162,184793
1781,185614,185155
1782,184852,185080
1783,185562,185435
1784,184298,185138
1785,184409,184737
1786,185561,185148
1787,185654,184641
1788,185381,185358
1789,186249,185060
1790,185524,185664
1791,185554,185322
1792,184887,185460
1793,185416,185107
1794,185879,185008
1795,185184,184952
1796,184843,185376
1797,185531,185332
1798,185932,184694
1799,185692,185539
1800,185394,185141
1801,185651,185139
1802,185676,185159
1803,184960,184236
1804,185577,185063
1805,185251,185509
1806,185916,185209
1807,184868,185192
1808,185380,185992
1809,185520,184546
1810,184995,184893
1811,185359,185336
1812,185707,185596
1813,185272,185803
1814,185477,185908
1815,185667,185711
1816,185232,185994
1817,185201,185648
1818,184094,185127
1819,184675,184476
1820,185546,185458
1821,186061,184317
1822,184991,184502
1823,185691,184773
1824,185542,185019
1825,185894,185282
1826,185805,184840
1827,185908,186186
1828,185579,185669
1829,186142,184829
1830,185819,184688
1831,185443,184813
1832,184858,185499
1833,185341,185284
1834,185402,184961
1835,185154,184811
1836,185800,185572
1837,185593,185588
1838,186740,186915
1839,185041,185419
1840,185366,185302
1841,185253,185832
1842,185534,185918
1843,185098,185564
1844,184555,185574
1845,185494,185300
1846,185154,185748
1847,184258,185407
1848,185410,184879
1849,184830,185368
1850,185290,185054
1851,184973,185482
1852,184711,185133
1853,184812,185287
1854,185076,185619
1855,185977,185374
1856,185457,184769
1857,185202,185444
1858,185329,185553
1859,184975,184707
1860,185979,185253
1861,184980,185059
1862,184725,185967
1863,185170,185082
1864,186201,185581
1865,184672,185074
1866,185448,185765
1867,185022,185543
1868,185324,185374
1869,185254,185491
1870,185299,185149
1871,184807,186272
1872,184878,185648
1873,184449,185028
1874,185552,184674
1875,185408,185780
1876,185771,185027
1877,184821,185277
1878,185495,185442
1879,184676,183893
1880,185420,184878
1881,184936,184978
1882,185448,185277
1883,186012,184903
1884,184852,185861
1885,185280,184480
1886,185229,185393
1887,185091,185144
1888,185219,185159
1889,185116,185035
1890,184745,185287
1891,185197,186235
1892,185921,185219
1893,185377,185383
1894,186017,184941
1895,184953,185485
1896,184797,184971
1897,184780,184951
1898,185152,185689
1899,185486,184692
1900,185179,185610
1901,184932,185184
1902,185738,184904
1903,185922,184832
1904,185147,185385
1905,185259,184825
1906,185290,185233
1907,185489,185075
1908,185284,185051
1909,185852,185065
1910,185443,185434
1911,185200,185009
1912,185167,185162
1913,184868,185705
1914,185023,184925
1915,184808,185835
1916,184834,185399
1917,184742,185104
1918,185515,185330
1919,185584,184698
1920,185338,185635
1921,185886,185422
1922,185121,185395
1923,185022,184808
1924,185535,185611
1925,185220,185268
1926,184889,184922
1927,186188,185817
1928,185260,185865
1929,185063,185237
1930,185250,185092
1931,185034,185298
1932,184973,185195
1933,185264,185201
1934,185021,184633
1935,185621,185010
1936,184599,185167
1937,185734,184973
1938,184995,185999
1939,186130,185055
1940,184525,184956
1941,185364,185683
1942,185358,184887
1943,185072,185796
1944,186106,185260
1945,184880,185072
1946,186286,185761
1947,186208,185452
1948,185300,185797
1949,184425,185175
1950,185233,184862
1951,184353,185239
1952,185341,185188
1953,185371,184636
1954,184981,185772
1955,185074,185773
1956,185281,185276
1957,185297,184830
1958,186025,185683
1959,185190,184583
1960,185056,185842
1961,184753,184948
1962,185290,184682
1963,184921,185640
1964,185214,185516
1965,185200,185550
1966,185004,185181
1967,185086,184350
1968,184415,185649
1969,185507,185336
1970,185413,185357
1971,184928,185840
1972,186041,185551
1973,185785,184953
1974,185330,184709
1975,185310,185604
1976,185452,184884
1977,185778,185210
1978,184933,185097
1979,185488,186568
1980,186598,184243
1981,185518,185609
1982,185230,185007
1983,184853,185021
1984,185083,185498
1985,185085,185394
1986,185228,186104
1987,185309,185104
1988,184999,185017
1989,185870,185648
1990,185453,185649
1991,185287,185049
1992,185083,185566
1993,185090,185111
1994,185234,185065
1995,185467,184686
1996,185210,184926
1997,185723,184568
1998,184924,184915
1999,185124,185533
2000,185860,185757
2001,184599,184499
2002,185903,184845
2003,185252,185162
2004,185717,184543
2005,185511,184945
2006,185344,185997
2007,185024,185372
2008,185534,185296
2009,185973,185266
2010,185401,185447
2011,185455,184980
2012,185431,185528
2013,185624,185550
2014,185458,185118
2015,185232,185515
2016,185746,185488
2017,185675,185385
2018,185133,186071
2019,185865,185168
2020,184763,185451
2021,185697,185684
2022,184834,185121
2023,184998,185253
2024,185540,185498
2025,185561,184817
2026,185605,185665
2027,184135,185572
2028,185809,185774
2029,185482,185330
2030,185813,184704
2031,185308,185754
2032,185712,184590
2033,184571,185247
2034,185412,185134
2035,185479,185245
2036,185397,184407
2037,185062,184285
2038,185893,184843
2039,184965,185315
2040,184015,185627
2041,184375,184919
2042,185246,185268
2043,184712,184897
2044,185296,184378
2045,185813,184857
2046,185255,185100
2047,185121,185486
